"name","author","link","id","description","image1","status","version"
"Arbor.js","Christian Swinehart","http://arborjs.org","31",,"http://cdn-scraplogo.pearltrees.com/46/33/46333c31484e7d9b15d39ea467aa9891-pearlsquare.jpg?v=2","Approved",
"CartoDB","Carto","https://carto.com/","32",,"http://cartodb.s3.amazonaws.com/tumblr/posts/torque2.png","Approved",
"Circos","Martin Krzywinski","http://circos.ca/","33",,"http://3.bp.blogspot.com/-yT5Tsn5bJyY/UA0xI7V8mtI/AAAAAAAAAXc/5Yp6hqzbRLU/s1600/NYT+Circos+article.jpg","Approved",
"Cubism.js","Square Inc.","http://square.github.io/cubism/","34",,"https://www.cssauthor.com/wp-content/uploads/2016/06/Cubism-js.jpg","Approved",
"Cytoscape","Cytoscape Consortium","http://www.cytoscape.org/","35",,"http://www.cytoscape.org/images/screenshots/go_dag.png","Approved",
"D3.js","Mike Bostock","https://d3js.org/","36",,"https://i.ytimg.com/vi/EvFWmHUB8X4/maxresdefault.jpg","Approved",
"Envision.js","Humble Software","http://www.humblesoftware.com/envision","37",,"http://iprodev.com/wp-content/uploads/envision.jpeg","Approved",
"Excel","Microsoft","https://products.office.com/en-us/excel","38",,"https://static.makeuseof.com/wp-content/uploads/2015/05/Excel-Databurst.png","Approved",
"Gephi","Gephi Consortium","https://gephi.org/","39",,"http://www.mkbergman.com/wp-content/themes/ai3v2/images/2011Posts/110808_geshi.png","Approved",
"gnuplot","gnuplot Team","www.gnuplot.info","40",,"https://i.ytimg.com/vi/ckCrRRBZk8E/maxresdefault.jpg","Approved",
"Google Charts","Google","https://developers.google.com/chart/","41",,"https://image.slidesharecdn.com/c4l14googleviz-140322185332-phpapp01/95/quick-easy-data-visualization-with-google-visualization-api-google-chart-libraries-1-638.jpg?cb=1395525406","Approved",
"Kartograph","Gregor Aisch","http://kartograph.org/","42",,"https://cdn.mos.cms.futurecdn.net/H8Vbyi2NqQEjEEdynKdg3d-1200-80.jpg","Approved",
"Leaflet","CloudMade","https://leafletjs.com/","43",,"http://blog.thehumangeo.com/assets/flights.png","Approved",
"NodeBox 3","Experimental Research Media Group","https://www.nodebox.net/node/","44",,"http://cdn-thumbshot.pearltrees.com/8e/5b/8e5b14ebded214a0fcfdaf44ca55686c-pearlsquare.jpg","Approved",
"Palladio","Dan Edelstein, Nicole Coleman, Ethan Jewett, Eliza Wells, Giorgio Caviglia, Mark Braude","https://hdlab.stanford.edu/palladio","45",,"https://katiefaull.files.wordpress.com/2014/04/palladio-visualization-article.jpg","Approved",
"Peity","Ben Pickles","http://benpickles.github.io/peity/","46",,"http://cdn.pearltrees.com/s/pic/th/peity-progressive-donut-charts-61374831","Approved",
"Processing","Processing Foundation","https://processing.org/","47",,"https://i.ytimg.com/vi/jw6ahmhJFIU/maxresdefault.jpg","Approved",
"R","The R Foundation","https://www.r-project.org/","48",,"https://i1.wp.com/enhancedatascience.com/wp-content/uploads/2016/10/sunburstcat.png?fit=765%2C581","Approved",
"RAWGraphs","Density Design","https://rawgraphs.io/","49",,"https://static1.squarespace.com/static/58a619711b631bcc2e3f86aa/t/58b72b2d03596e24b2db0b2c/1488399168503/?format=750w","Approved",
"Seaborn","Michael Waskom","https://seaborn.pydata.org","50",,"https://image.slidesharecdn.com/dvup-140530160251-phpapp02/95/data-visualizations-using-python-1-638.jpg?cb=1403971890","Approved",
"sigma.js","Alexis Jacomy, Guillaume Plique","http://sigmajs.org/","51",,"https://mango-is.com/img/blog/sigma.png","Approved",
"Tableau","Tableau Software","https://www.tableau.com/","52",,"https://www.field-dynamics.co.uk/wp-content/uploads/2017/03/https-2F2Fcdn.evbuc_.com2Fimages2F268496532F1959324079052F12Foriginal.png","Approved",
"Timecurves","Benjamin Bach, Conglei Shi, Nicolas Heulot, Pierre Dragicevic","http://http://timecurves.benjbach.me","53",,"https://www.researchgate.net/publication/317752902_Frontier_of_Information_Visualization_and_Visual_Analytics_in_2016/links/5a94791b45851535bcdab722/largepreview.png","Approved",
"Trifacta","Trifacta","https://www.trifacta.com/","54",,"https://lh4.googleusercontent.com/fN3k9kPbmn5jGcqdwdGF8Ck6yv_ufUTIwwu8zdg6-OYJ9HrSpZClKnt9Aw3hNoVO16pJPo3952DUci0Q6S5rtMI5Pir_mVly9pxn8_0b4VE2g0SYcvcQawreb6gfc5wtZw","Approved",
"Vega","University of Washington Interactive Data Lab","https://vega.github.io/vega/","55",,"https://image.slidesharecdn.com/toolsresourcesfordatavisualisation-150208230909-conversion-gate01/95/tools-resources-for-data-visualisation-22-638.jpg?cb=1423437671","Approved",
"Vistorian","Benjamin Bach, Jean-Daniel Fekete, Nathalie Henry Riche, Nicole Dufournaud","http://vistorian.net","56",,"https://www.microsoft.com/en-us/research/wp-content/uploads/2017/03/vistorian-300x271.png","Approved",
"ZingChart","ZingChart, Inc.","https://www.zingchart.com/","57",,"https://cdn.datafloq.com/cms/2015/05/28/zingchart.png","Approved",
"afas","afsa","http://cdn-thumbshot.pearltrees.com/8e/5b/8e5b14ebded214a0fcfdaf44ca55686c-pearlsquare.jpg","70",,"data:image/jpeg;base64,/9j/4AAQSkZJRgABAQAAAQABAAD/4gxYSUNDX1BST0ZJTEUAAQEAAAxITGlubwIQAABtbnRyUkdCIFhZWiAHzgACAAkABgAxAABhY3NwTVNGVAAAAABJRUMgc1JHQgAAAAAAAAAAAAAAAAAA9tYAAQAAAADTLUhQICAAAAAAAAAAAAAAAAAAAAAAAAAAAAAAAAAAAAAAAAAAAAAAAAAAAAAAAAAAAAAAABFjcHJ0AAABUAAAADNkZXNjAAABhAAAAGx3dHB0AAAB8AAAABRia3B0AAACBAAAABRyWFlaAAACGAAAABRnWFlaAAACLAAAABRiWFlaAAACQAAAABRkbW5kAAACVAAAAHBkbWRkAAACxAAAAIh2dWVkAAADTAAAAIZ2aWV3AAAD1AAAACRsdW1pAAAD+AAAABRtZWFzAAAEDAAAACR0ZWNoAAAEMAAAAAxyVFJDAAAEPAAACAxnVFJDAAAEPAAACAxiVFJDAAAEPAAACAx0ZXh0AAAAAENvcHlyaWdodCAoYykgMTk5OCBIZXdsZXR0LVBhY2thcmQgQ29tcGFueQAAZGVzYwAAAAAAAAASc1JHQiBJRUM2MTk2Ni0yLjEAAAAAAAAAAAAAABJzUkdCIElFQzYxOTY2LTIuMQAAAAAAAAAAAAAAAAAAAAAAAAAAAAAAAAAAAAAAAAAAAAAAAAAAAAAAAAAAAAAAAAAAWFlaIAAAAAAAAPNRAAEAAAABFsxYWVogAAAAAAAAAAAAAAAAAAAAAFhZWiAAAAAAAABvogAAOPUAAAOQWFlaIAAAAAAAAGKZAAC3hQAAGNpYWVogAAAAAAAAJKAAAA+EAAC2z2Rlc2MAAAAAAAAAFklFQyBodHRwOi8vd3d3LmllYy5jaAAAAAAAAAAAAAAAFklFQyBodHRwOi8vd3d3LmllYy5jaAAAAAAAAAAAAAAAAAAAAAAAAAAAAAAAAAAAAAAAAAAAAAAAAAAAAAAAAAAAAABkZXNjAAAAAAAAAC5JRUMgNjE5NjYtMi4xIERlZmF1bHQgUkdCIGNvbG91ciBzcGFjZSAtIHNSR0IAAAAAAAAAAAAAAC5JRUMgNjE5NjYtMi4xIERlZmF1bHQgUkdCIGNvbG91ciBzcGFjZSAtIHNSR0IAAAAAAAAAAAAAAAAAAAAAAAAAAAAAZGVzYwAAAAAAAAAsUmVmZXJlbmNlIFZpZXdpbmcgQ29uZGl0aW9uIGluIElFQzYxOTY2LTIuMQAAAAAAAAAAAAAALFJlZmVyZW5jZSBWaWV3aW5nIENvbmRpdGlvbiBpbiBJRUM2MTk2Ni0yLjEAAAAAAAAAAAAAAAAAAAAAAAAAAAAAAAAAAHZpZXcAAAAAABOk/gAUXy4AEM8UAAPtzAAEEwsAA1yeAAAAAVhZWiAAAAAAAEwJVgBQAAAAVx/nbWVhcwAAAAAAAAABAAAAAAAAAAAAAAAAAAAAAAAAAo8AAAACc2lnIAAAAABDUlQgY3VydgAAAAAAAAQAAAAABQAKAA8AFAAZAB4AIwAoAC0AMgA3ADsAQABFAEoATwBUAFkAXgBjAGgAbQByAHcAfACBAIYAiwCQAJUAmgCfAKQAqQCuALIAtwC8AMEAxgDLANAA1QDbAOAA5QDrAPAA9gD7AQEBBwENARMBGQEfASUBKwEyATgBPgFFAUwBUgFZAWABZwFuAXUBfAGDAYsBkgGaAaEBqQGxAbkBwQHJAdEB2QHhAekB8gH6AgMCDAIUAh0CJgIvAjgCQQJLAlQCXQJnAnECegKEAo4CmAKiAqwCtgLBAssC1QLgAusC9QMAAwsDFgMhAy0DOANDA08DWgNmA3IDfgOKA5YDogOuA7oDxwPTA+AD7AP5BAYEEwQgBC0EOwRIBFUEYwRxBH4EjASaBKgEtgTEBNME4QTwBP4FDQUcBSsFOgVJBVgFZwV3BYYFlgWmBbUFxQXVBeUF9gYGBhYGJwY3BkgGWQZqBnsGjAadBq8GwAbRBuMG9QcHBxkHKwc9B08HYQd0B4YHmQesB78H0gflB/gICwgfCDIIRghaCG4IggiWCKoIvgjSCOcI+wkQCSUJOglPCWQJeQmPCaQJugnPCeUJ+woRCicKPQpUCmoKgQqYCq4KxQrcCvMLCwsiCzkLUQtpC4ALmAuwC8gL4Qv5DBIMKgxDDFwMdQyODKcMwAzZDPMNDQ0mDUANWg10DY4NqQ3DDd4N+A4TDi4OSQ5kDn8Omw62DtIO7g8JDyUPQQ9eD3oPlg+zD88P7BAJECYQQxBhEH4QmxC5ENcQ9RETETERTxFtEYwRqhHJEegSBxImEkUSZBKEEqMSwxLjEwMTIxNDE2MTgxOkE8UT5RQGFCcUSRRqFIsUrRTOFPAVEhU0FVYVeBWbFb0V4BYDFiYWSRZsFo8WshbWFvoXHRdBF2UXiReuF9IX9xgbGEAYZRiKGK8Y1Rj6GSAZRRlrGZEZtxndGgQaKhpRGncanhrFGuwbFBs7G2MbihuyG9ocAhwqHFIcexyjHMwc9R0eHUcdcB2ZHcMd7B4WHkAeah6UHr4e6R8THz4faR+UH78f6iAVIEEgbCCYIMQg8CEcIUghdSGhIc4h+yInIlUigiKvIt0jCiM4I2YjlCPCI/AkHyRNJHwkqyTaJQklOCVoJZclxyX3JicmVyaHJrcm6CcYJ0kneierJ9woDSg/KHEooijUKQYpOClrKZ0p0CoCKjUqaCqbKs8rAis2K2krnSvRLAUsOSxuLKIs1y0MLUEtdi2rLeEuFi5MLoIuty7uLyQvWi+RL8cv/jA1MGwwpDDbMRIxSjGCMbox8jIqMmMymzLUMw0zRjN/M7gz8TQrNGU0njTYNRM1TTWHNcI1/TY3NnI2rjbpNyQ3YDecN9c4FDhQOIw4yDkFOUI5fzm8Ofk6Njp0OrI67zstO2s7qjvoPCc8ZTykPOM9Ij1hPaE94D4gPmA+oD7gPyE/YT+iP+JAI0BkQKZA50EpQWpBrEHuQjBCckK1QvdDOkN9Q8BEA0RHRIpEzkUSRVVFmkXeRiJGZ0arRvBHNUd7R8BIBUhLSJFI10kdSWNJqUnwSjdKfUrESwxLU0uaS+JMKkxyTLpNAk1KTZNN3E4lTm5Ot08AT0lPk0/dUCdQcVC7UQZRUFGbUeZSMVJ8UsdTE1NfU6pT9lRCVI9U21UoVXVVwlYPVlxWqVb3V0RXklfgWC9YfVjLWRpZaVm4WgdaVlqmWvVbRVuVW+VcNVyGXNZdJ114XcleGl5sXr1fD19hX7NgBWBXYKpg/GFPYaJh9WJJYpxi8GNDY5dj62RAZJRk6WU9ZZJl52Y9ZpJm6Gc9Z5Nn6Wg/aJZo7GlDaZpp8WpIap9q92tPa6dr/2xXbK9tCG1gbbluEm5rbsRvHm94b9FwK3CGcOBxOnGVcfByS3KmcwFzXXO4dBR0cHTMdSh1hXXhdj52m3b4d1Z3s3gReG54zHkqeYl553pGeqV7BHtje8J8IXyBfOF9QX2hfgF+Yn7CfyN/hH/lgEeAqIEKgWuBzYIwgpKC9INXg7qEHYSAhOOFR4Wrhg6GcobXhzuHn4gEiGmIzokziZmJ/opkisqLMIuWi/yMY4zKjTGNmI3/jmaOzo82j56QBpBukNaRP5GokhGSepLjk02TtpQglIqU9JVflcmWNJaflwqXdZfgmEyYuJkkmZCZ/JpomtWbQpuvnByciZz3nWSd0p5Anq6fHZ+Ln/qgaaDYoUehtqImopajBqN2o+akVqTHpTilqaYapoum/adup+CoUqjEqTepqaocqo+rAqt1q+msXKzQrUStuK4trqGvFq+LsACwdbDqsWCx1rJLssKzOLOutCW0nLUTtYq2AbZ5tvC3aLfguFm40blKucK6O7q1uy67p7whvJu9Fb2Pvgq+hL7/v3q/9cBwwOzBZ8Hjwl/C28NYw9TEUcTOxUvFyMZGxsPHQce/yD3IvMk6ybnKOMq3yzbLtsw1zLXNNc21zjbOts83z7jQOdC60TzRvtI/0sHTRNPG1EnUy9VO1dHWVdbY11zX4Nhk2OjZbNnx2nba+9uA3AXcit0Q3ZbeHN6i3ynfr+A24L3hROHM4lPi2+Nj4+vkc+T85YTmDeaW5x/nqegy6LzpRunQ6lvq5etw6/vshu0R7ZzuKO6070DvzPBY8OXxcvH/8ozzGfOn9DT0wvVQ9d72bfb794r4Gfio+Tj5x/pX+uf7d/wH/Jj9Kf26/kv+3P9t////2wCEAAMCAggICAgICAgICAgICAcICAgICAcICAgICAcIBwYHBwYHCAcIBwcHCAcHBwoIBwcICQkJBwgLDQoIDQcICQgBAwQEBgUGCgYGCg0NCg0NDQ0NDQ0NDQ0NDQ0NDQ0NDQ0NDQ0NDQ0ICAgNDQgICAgIDQgICAgIDQgICAgICAgICP/AABEIAakCNwMBEQACEQEDEQH/xAAdAAAABgMBAAAAAAAAAAAAAAAAAQIDBggEBQcJ/8QAYxAAAgECAwMGBwkJDQUGBAUFAQIDAAQFERIGEyIHCCExMkEUI0JRUmFxCTVigYKRkrGyFSQzcnN0dbTSFiVDU1RjoaKzwcLT4lWD0eHwGCY0RJPDF0Wj8SeFlaTFGWRlZpT/xAAcAQABBQEBAQAAAAAAAAAAAAAAAQIDBAUGBwj/xABBEQACAQIEAwMKBAQGAgMBAQAAAQIDEQQSITEFQVETMoEUFSIzNFJhcZGhBiNC8FOCsdEWJENUYsGS4USi8XKy/9oADAMBAAIRAxEAPwD1ToAFAAoAFAAoAFAAoAFAAoAFAAoAFAAoAFAAoAFAAoAFAAoAFAAoAFAAoAFAAoAFAAoAFAAoAFAAoAFAAoAFAAoAFAAoAFAAoAFAAoAFAAoAFAAoAFAAoAFAAoAFAAoAFAAoAFAAoAFAAoAFAAoAFAAoAFAAoAFAAoAFAAoAFAAoAFAAoAFAAoAFAAoAFAAoAFAAoAFAAoAFAAoAFAAoAFAAoAFAAoAFAAoAFAAoAFAAoAFAAoAFAAoAFAAoAFAAoAFAAoAFAAoAFAAoAFAAoAFAAoAFAAoAFAAoAFAAoAFAAoAFAAoAFAAoAFAAoAFAAoAFAAoAFAAoAFAAoAFAAoAFAAoAFAAoAFAAoAKkewFd9suWHEba9mjDJu4pSBGYxk0eea5t2uJT2q4rFcSr0qrjyNyjhadSnfmPXfOXlyAjtUDd5ZywHsA00kuOya0jqIuHrmyPS8vmJEkh4gO4CJSP6eKqvnfEPmTrA0zOj5xV9pyMcJb0siP6A2mpFxqslbmN8hga7/474lqBMkZAOendJpI83pVCuL173voSPBUrEyfnLjddFqd9l05uN1q9o4tNafnz0bKOpU83676EPn5dMSLahIijPoURJkB5untVmvi+Jb0ZbWCpG8wHnGXKsguIo3TUA7JqVgvlFV7Oa1co8amn+YiCeAi+6yebV8uVtAE3AFyzAk6W0qo8ztpbJz3LpzrWxHF4U+6rlKng5y3IPfc4W7b8HDDGO7XrkPxnVHWRPjNWXdVi6sDBbjmA84S4TV4REkoORUx+LI9IZeMDDzHOn0uNTj31cSeBi+6TXDeX6xcce9iPmaMuCfMGj15n5q1KfGKMu9oU5YGotiO45ziDxLbW/qWSVv6d0n9HHVGtxrlBeJYhgV+pmpwDl/uUZvCY1mU5FQg3bKfMO1qX8biqtS4zUjrPUkngYvuk9wnl2sZOhzJCf5xMwflRmQD5RFbNLi9Ge+hSlgprYz9peVm0gh3scsc7EgLHHIhJJ7zkTpA76mr8SpQjmi7sZSws5O0jnmJ84ic9EVvGnrdy+fxDd5fHWLLjVSXdjY0I4CK3Zp7blzv1cMzRsufShjCrl5gw4h9OqseL1k/SJHg6didJzhLfdajDJvegbvMaSc+kiX0fXorXXGouF7alJ4GV9yP4hzh5z+Ct40Hndmc/RXd5fHVGXGpvZE8cCubMjCOchlktxbH1vCwPx7t8vt1LS43ymhsuHu14s3eL84ezRAYVkmc+RpMYX8d36Poa6uVOM04xvHUhhgZyepDMU5xt034GCKIedy0hP9mtZVTjU5d1WLkcBCPeZh4Vzgb5GzlWKZe9dJRsj5nXq+OOmU+L1k/S1HSwNN906HhXOEsnXxolhcDslC4J+C0YP9cJW1T4xSkry0KE8FNOyI1jvOMfVlbW40Dy5ic2H5NOyPWXqjW4y72gizDAJK8mKbnHvuiBagTZdB3mcefny06vk9dI+NPLtqJ5vV9zRR8v+IA8S25/3bj/ANyqa4vXJ/IadtTb4bzjZgfHWyMveY2KMPifUD8RqzT41Jd9EMsAv0skzc4a03ZZY5y/chUDp9b6iqitB8Yp2vYr+QzvuRrDecPMJfHQJuT3Rk7xB59R4Xy83BVGnxmWf0loWJYFW0ZIMU5w1uuW5hllPfqyjUfPqbP5FXKnGILuorxwUnuxzDOcJbN0SwzRnzgJIv8AQwb+pS0+MQlurBLBSWxvLjllsAhZZS57kCOGJ82TKuXyiKty4pQS0epEsJUfIh8fOAbe9NsNx1HJs5fU2Z0r8n+vWUuMyz6x0LXkPo7jOKcv8pfxNuoTu3jMWPt0cK/16SrxmWbSOgsMCras2OB8v6MwFxAYlI7aMZMj600q2X4mup6XGFJ+mrEdTAtd1j+N8vcK9FvE8vwnO7Qj1dp//p06txhR7iuJDAyfeYeF8vcRjYyxOkoByVONXPdk50kZ/CAop8Yi4XlHUJYGSejMvCeXa0cHerJCwHVp3gJ8ysnT9NEqWlxenJekMlgprYJOXu11ZbqcL6WmPL5t5n/RR53hfYPIpAxjlytkVTCrzMTxLk0ekZed16T+LnRV4tTS9HcI4OXMxo+X+Ajpt5g2XQAYyp+VqDf1KjjxiLj3dR3kL6moteX2UOS9uhjPZCsQ46e9j0N8SCq0OLyzax0JngVbc29xy/w8OmCYg9rVu1Kj4I1HUfVVjzzHoReQy6iZucBCGyFvKU7zmob15J2T/wCpSeeY32F8hfUPEOX2AKN3BK7d4coij2sGbp+RSz4wreihIYJt6s0trzhJczrtkI7tMjKQPN0q2r8bgqouMy5xJngF1Gf/AI/3G81biPdZ9KZtqy/K9Wf+7pi4zLNqhfIY23N/a84GAjjt5lPmUxsD8ZZaurjMOaIHgZdTT3HOBkEikW43IzDKWzkYnqIfsgD8Sq74y822hIsDpubm15w1oRm8U6N5tKMM/MCG+1lVyPGab3RF5DK+hG8V5ysnSIbRQc+hpJCchn3oqjp+XVCpxuX6Yk0cB1Zhwc6CYLk9mjP5xKyqfkmNmFRrjskvSiP83rqRjFOcRichOgwwrnmAkepgPMXkZsx/u6oVOMYiXddieOBpx7xkYJzkr+LomSK4HrBifp+Gma/1KfS45Vh31cSWAhLujuI85u/Yndw28Q7gweQ/PqTP6FOnxyrLu6CRwEFuY1jzlMSU8a28g827dT7M1kpkeNV497UV4CD2JRZc6rq3llkO8pNq+YNGtX6fH796JBLh3RkiTnO2GnPd3IbLPTojz9me8y/pq559pcyu8DMhmOc6G4Y/e1vHGvT0ysZGI7uFNAX53rNq8dm+6rFuHD0u8xOF86W5X8NbRSetGaMj5LbzP4qSnx6a70bhLhyfdZsb7nVHT4qz4suuSboB9ix5n4jU8uP3Xowt4ka4f1ZD77nG4m5zVoYx3BYs/naRnrMlxrEN6OxaWCprdG1wXnR3iH74ghmHnjLxMPn3qmrNLj0499XGS4fB90nGEc6KycqssU8OfQXIR0X6Da8v93WrS47Sl3lYpy4fNbE9h5TsOYAi9tuLLIb6MMS3UNBbVmfNlnWvHiFB29IpeT1FpYlFX79CuKpwoKACFAFX+WK8Sa/laPpChIyfO6DS/wBHs155xOSnXbTOjwkXGnqQkWlZFrF35ihaily63A4vyxc5/D8IdoAGu7sdqCJgqxkjNRNOdSozeiqO3pJWxhuGTr+lsipVxSgcOuOfrdknTh9sB3AyysQPWw0avoVsLgkbd4pPGvmNLz8r3+QWv05v2qd5jh1Dy2XNC/8At8Xv8gtfpzftUq4JDqI8a+aC/wC3re/yC0+nN/xo8yw6ieWvkhQ5/N7/ACC0+nN+1Srg0OoLGvkhX/b8vv5BafTm/aoXBo9Q8tfQI8/y+/kFp9Ob9ql8zwWzBY19ADn93v8AILTP8eb9qh8Fj732F8sbFf8Ab9vv5BafTm/ao8zQ5MRYx9ANz/b7+QWn05v2qRcFp9bAsc+gg8/m+/kFr9Ob9qk8yx3bF8vlfYC8/m9/kFoflzftUvmaO+YR418kL/7f19/ILT6c/wC1SeZYX3E8tl0Aef7ffyC0+nN+1S+ZYX7w7y19Av8At+Xv8gtPpz/tUnmaN9xvljuD/t+338gtPpzftUr4LHlIXy19Bt+fren/AMhafTm/apPMkGtWK8bJbBDn6Xv8gtPpzftU3zJT6gsdLoLHP4vf5BafTm/apz4ND3g8tfQM8/m9/kFp9Ob9qjzNFcxPLH0Ejn73v8gtPpzftUj4LHmw8tYsc/y9/wBn2n05v2qd5lprZ3Dy2XNBrz/b3/Z9p9Ob9ql8zU/eE8tfQP8A/qAX3+z7T6c37VJ5niuY3yxhNz/r3/Z9p9Ob9qlfBqdtWOWMl0FLz/73/Z9p9Ob9qjzNBLcPLGtwN7oDff7PtPpzftUr4PDqJ5W+QpfdAr3/AGdaZep5h/io8zQXMd5Y3yOo8lfPhw+8kWC/hOHu+QWYyCW1LHukl0o0Gr0mR1XynqhX4VKCuncmhi09C0KWYyBGRBAII6QQaxuztoy5n5oM2VJl6oW4PABS5fgJmsKGH0OGouawpbGn5BrdxaYf6qMltwzIC4b6qMnMTMLOHeqnZLcgz2D+53qp3ZrkgcgDD/VR2fwDMBrGkcLhmGzYeykyDriGsaa4BcaazqPs7CqQ2bSm5PgCYrwSjKLcUlnTlEGw5bP1U5oamYUtl6qicE9h9zDkw/1VE4ajlJGFNYU1wFTGGsajyC3GmsablFzCDYUZWJfqJaxpMo69thJsKTKGb4CRYUZRVIV4FQ4iJ2EtZUZAvcT4DTcoZhL2dI0A2bOktYL2GpLSky9R24g2tGq2DQuByJbUeE2EWpi0sOcMhJ4tS9gnz6k0HOvSuF4jtaKV9UcxiqWSZPxWyUw6AG5GyBPmzP8ARTJuyYq3Kh4lNrlkf03ds+rtOxrzSq81Rs6mGkUY4SoWiQ5zzhOUVsKwm5uo/wANksNuSM8ppToV+nUrbpdculu1u6v4Gh21VRexWr1HCDZ5mYTh0t5cpEHzmuZCN5ISc3bU7PI/Ezau9q7qrUjh6d+SMSjCVaeXqdbwTmjYhP2b3CkPeJbooR6iunhasGXHaa0yu/yZq+apc5bcjS8r3NqxPBYIru58HuLOUlDd2UpmghkB4Y7l9K7rX5EnZZuHXrq9guL0sXJxWkuj5lKvhJUUm/7mBtXzesYssJtsbubKSPDro5LJkTJAjlRazXdvp3lvDeM33vI3a8Xq3W9hqxT4hRqVZUoy9JfvfmVXBrcn2F8xvG3toLmeTD7A3Cb1bW9uDFdJGewZoNLaHZeLd69UfZbjrMqccoxm6cU2lz1LcMI5czR4hzUb+I5G8ws93DdZ/wCGm+fYe6/oyZcPl1RjJzYb4/8AmsN+O5/00nn6Huv6MXzdLqjcYZzOsRlOS3uEgn0rsj/DQ+PU/df0Y14GS5kztfc5MZdQ4xPAAD1A3smf9ETLQuPU/df3Kzw9nuM3Hud2ML14lgPxXr/5VJ5+h7r+5LHCN8zXT8wvFl68RwT4r0/5dHn+HuP6MmXDm+aNbc8ynE067/Bz7Lwn/wBul8/U/df0Y7zZL3l9jV3PNKxBeu8wvo810T/hp3n2n7r+jDzZL3l9grLmmYhJ1XmFj23RH+GmvjtNfpf0Y/zXP3l9jdJzIMUOR8Pwf47s/wCXUT/EMF+h/RjvNUveX2FpzGsUP/n8G+O8P+XQvxDT9x/RjfNUl+pG6wz3O7GJRmuJYEvfxXsn90TU6PHov9D+5UqYRw0bMiX3OLGR/wDM8A+K+k/yqd59h7j+5EsPf9Rr7r3PzF068RwM+y9f/Lo8+w9x/csRwLfMwYeYnip6sQwUe29P+XR59h7j+5J5tn1RsLf3PfF26sSwIe29b9ijz7D3H9yKWDcf1Gxj9zexo/8AzPAP/wDtk/uipVx2HuP7ld4f4kaxvmN4pASHv8Gb8neFv8FHn2HuP7k6wcpbMjM/Nav1PTd4b8Vz/ppfPsPcf3JFw6XVCIebBfEgC7w0Z95uej7NHn6HuP7i+bpdUSjB+Y7ik5AS/wAGBJAAa7OeZOSjSEZmb4K018fp2u4v6MjeAl11IXgnNgxyfGXwFLJlxCMM8pkJW0jth2b57wKy+By/wci8UjSbpU11qy4lQVHt7+j+/uik6Us2VmkwHkSxW4xVsFSylTEYpGjnhlBVLZU6XuZ5+JY7TS2tJl1rIrx7ve72nVeIUYUe3zejyfXw/dh9OjKcskdzpOL8yfE4c9V/g5yJBC3ZzzHQw0lF6fg1jr8QU2u4/g9TSjwuVtWvkcq2+5NJ8O3e+kgkEzOqmBy68AUsdRVeji6NNa2Dx8MVmSVrFXE4WVBJ8mXm5gfKVNe4dcWUxLnDWgWKQnM+DziTcRFjxNuGgdR6MW7X+CrJ4jQUZKS5j8PPMrdC0ng9ZOUu3DFtRlG3HFtqdlC4sW9OURtxzweiwXFLb07KJcUtt6qVRC4s29OsFwjb+ykyhcQ1tRlFTGza0ZL6C5hpramOIZht7So3EdmGfBajyjriltae4O2qEuhwW1LZMS4GgpuULmLLa03KLcxZbSmuA65izWVROA65jNYUxwFzDRsKZkFUhtrGhwC4k2NNyC3EtZUmULiPA6MouYMWdGULhGzoyhcQ1pSZBbjbW1NygNNa0jiLcaa1priOuINtSKNwuWF5v+xUkEbXTScNyihYh1ZKzaXY+kenL1Oa7bhGElTjn6mDjaqlKx2EV0pmh0ANzJmCPOCPnFMmrpircqZi+GNDLJEw4kZl6Rl1HhPyu1Xm9ek4TaOnhLNExqh+A9lb+fp7yxevELf9Xua3eE6VShin6LRSXkr987H8uv2Grf4ol5NLwK+Af+Yj4nVeTvkwwy/vNpbjEoLm4hw3XdaLOXdzFQ7mfLLhc6U6NTpp0SVz2IxNWjToQotJyvdtJr/0jWp0YValSVTZfE7ZsngmHYXh8mJWgxPENlQiXN5s+5RprXFo93JYnEoZ1WVsPuGeGWSJPF7zwSdkuoQKzp1KmIqKnUtGqu7PS0l4aaa669N0kQ1IxhHNB6dCY7Y8oE+FrcbT41dXG0FhdRWNxgtrh4kTALfEY3aPwa+tpPHRTYdLxQzXiJvmjkZoYruGGG3fQpxqryeisklfNJu7f9r9FdpaXte+bUk07tkb2g5s9tjuKNimIXt9jcGI26iCeLKwGF3UPTd2N9ZnVNYwLmVgi06lk1pNvJZd9S08bUpQ7CjFKUd+d/jfX5t352SSRahRUvSlsM3vuemHZ+KjkAz8vEJD/wC1T/LMb1X0RZVCh0f1YynueFn3ox//ADCT/Kp6xeN6r6IXsqHR/U2mH+54YTmN9FOR36MQkB/sqPKsd1X0Qx0KPx+rJhae547I6RrtsS195GIPl9LRS+V47qvoiq8NTvoFN7nTsqexbYj8eIyf5dJ5Vj3zX/iv7EsaFHmYMvucWz3k2958eJSf5VPWIx/Vf+KJlSw3O/1Zr7n3OHB/IhuPjxKT/Kp3b4/qvoh+TC9H9Way49zksPIice3EZP8AKpe3x3VfRBkwvR/VibT3Oiw/hIZPk4jJ/lUyVfH8mvohVDC/H6s26e51YHl0291n35YlJ/lVA6/EeVv/ABj/AGJOzwfx+rFp7nTgPfb3eXqxKT/KpViOJPp/4xDLhH1+rNxhvuduyv8AD22I55dGjEZD0/QWpI1+Irp/4x/sUKtGi+6/6i5/c89kO61xP48Qk/y6d2/EOi+kf7EaoU+bNXd+5/bLDs22IfHiEn+XR2/EOi+kf7FmNKhz/wCzVDmFbNg8Vvf5d2WIN1f+nR2/EOi+i/sT9jhvj9WOpzG9kh27bE/XlfMf/bpO34h0X0RFLD0Hsx9eZZsQO1a4x8V45/w0/t+IdF9I/wBitLCwfMieOczbZnM+DW2Igd28vW/y6RV+IPp9ETxw1JEUu+aJhK9UF1l3Z3p/y6f2nEPh9ETLD0Pj9WYX/ZXwgHjgu9PfpvDn9mk7TiHw+iHeT0Pj9WOYhzW8BnQW1kl/DiU8sMdpPPdjwWF2kUtNcs/8Ekau2mLx7Nu1j46WOJxlN56qTgt1Zf1K08NT/RudlxPbf7ovcbN2N7it7j1rYiLCNorJHtZZ4JuC9gxa7XTFLhcEyJKb/sz/AMDvLuL75o0qMacViZpKm27xvf7Xu/gvGVo6lGb1yp6j2OYnd4lcXWFW+IMcbw63hs8R2rsUjtrCXCG1eGjEEkZla+tZYpooVs38Xc7yVZrb78iqFtUYqpl9CTbVO97P+z0bvbMl1Sat0LzeW+q3ZXzbLkU2YbD8cuMKtsTMmEQoVu7qVxb3MkirJFNFEyq0sUsZ34LoiyLJG68FXsPjcWq9KNW2Wd9Ek7W62Wny5c0i3LDUXSlKN7rnqcp5QPenAcv4iXLLq8qtnA28qrXXQq4p2oU+upaH3MyPNca9uF/VfVNxJXyvkUcNs7l4Bb1h2L1xSw0thLixDRYS4tYadYS4sQ0uUGLWGnWEHVhpbCXDMFLYLhbmiwJiTBRYdcph7pTtJdQ2uGW8Mrx29zJeG5VGKiRokg8HjkyZdUXjZmMbcLMkbfwVaWDgm3mIpyIZzFecq0cq4LfzExSaVw6SQ57qTq8DLn+Cl/gV8luH+FpcVh01eIQkX2NvWM4k4jwWkUdQueW3N85R7y12phe4ndpLu9NleliSJmnl8HXeZ+TFMyMvo6PQroK1GLpXSKqbzHqWIK5+1i3cS0NJYS400FMsLcZe2pLC3GJLWm5RbmO1nTMgXG2sqa4DrjTWVI4hcbazpuUW4hrSm5RRItKMotweCmjKFwNaUZQuNta03IGYae1pMotxl7amZRbjLw03KLcXYYU0siRqM2kZUXLzschT6dNykl1GzlZNlvcJw5YYo4l6FjRUHsUZCvSKMMkFE5qcs0mzLFTDQ6ACFAHDeXGCHfRujKZSrLKoOZGnToLZdk8WmuQ4soKeaO5s4Ju2pzPTXPGiVv5+o/eWL9IW/wCr3NbfCvW3KOK1iUEwzFngkSeJgkkLCRGIzUMvnU9pW7Jrra9KNWDhPYzKNR05KUNy1myllaPnjsljJHcW9oLjFsHkna1jxG2ORtbyPeaY7xRcImUEo0zsN0yb3c+E+f1nOP8AlXL0ZdydtuvyvsdWowf51vS5o6fhnheqbaeS0u8UxO2tI3xHZydjZ+ATxB7nA7y3sEVlv7Szjd1ieXfTt4yePdzRTQ27PR9HDKWWDby1Ob6//wA/LTfXQo1Lu9S2vNE75FbCwvojjMeMz41FiUkN8+CyRwW1pHjsWXhV5fWkS+IhtWEMscEutd4kc+u+l3MtPqqrCXk6p5bfqvq0/wC+t3u07Xy6FGEFN3R1+xsgjSyHS09w4luZgoRp5QixqxUeSkapEi9pVj4nqelTUY2Wti9ayNjG1TpDGjIU1KkNsOLTkgsPxAU5IZYzI5BUyXQRoh1ptDcX1xex2dzHZ22HXTWE05tY7y4ub1IkmvIkimdIba2tVnhi3nHLPLvNO6SrCjGKzSIdW7I0XKDg21EcTS4TieH30qZN4Be4VbWrXIU5tDb38MrRxTSrwJv006vLiqaDg9GhkoyXMnM+2tstg+JyF7e0jtWvJvCFKSWyIrGeCdW7NxFIr2u78qXhWmZNbIddczc4dEZY45VRwJIYZwpUh0SWNZU3i+Syq2lvhUjpu4t7oWLTMEgHIZZkDoGfZz/GpqjfUcLtMNLsqL1sQBkCcszlnpHo05RWyEeiK98iW32I47eYjfeGrZ4Xh2KXOGxYTHZQvLdLbplv7vFZSZo2lkbU0cCJp7OurE4RhH4kUW5M7nLh7adeltPc2R0/SqtqtSdGBPYN0dB4ulejtd3R6VJoKtiObaYlDY21zeXTbmC0iaWd34dKr2U6f4WVtESL5TSUsYuWiFzZdQXGFHIalZCVRirDJl1orqD8JdVN23JU2am4wweqm3Ho1dzhYpcwpqLrChTlIWxo8RwcZU7MKQXaTBVZSpGYIIII6CD3GlzLb6giSbNbTDEoRhdziEmDYmlrJZYZj1uFRjZOM58Jvl1Ro0W7XVAzOm7lSOWN4povvjDxFB4eXawWeD/SVqlLNqROBLTHbS6wm2eX7g4CyWybWmQWTDCogkl7hWmBI48UeV4kUSum4kj3dzIm93PhEE82Fkqsu/Lenvfp8I5d+t9LWbsUl2itsluzRbdgYyLiHFI7qziwt7c3OITt4He4xhLeMwaCfCIeKV55G071k4ZE0xpHLNNDbw074a06DzOd7R3yPnr9+nzjZvUSVZOM1aK3fXoVj5ZtqZJ7s25tTYw2fi7ezZAjxKQulpVGaqzr1KvCq/DrreF0Iwh2mbNJ7mNj6spyULWS2LY+5gpmMb9Rwv6r6lx6vltsVsO1Zl6RDWPYtXFCClsFxawUthLixDS2C4oQU6wg4ttTrAL3FOsJcPdU2wXCMNKFxJipLClMPdOLcfc7DW7xeyAH1NbsW+zV/B95jJlFYeT27+5wxaNGNot49m8qE6oZ0igmQyZdgSrPwSelHprSck3lZGej3M15yy43a+CXbgYnaoBJmQDdQr0LdIvDxr2ZlXyuL+FrGxFDK7omUrlkDBVKKdx9zyDtYtO1ir6O0SqCOjqxXLoroN6ZXvqeqnKLt9aYVaS3t7Ju4IgMyBqd3PYiiTy5XbqWsOFJzbSLGYo3tj7pTetIfAMPtY4gXAN4Zp5HXh0Erby2yxN2818d+E7daCwSWrI+0ZJOS/3RtZJY4cWs0hR8la7tWkKIxOWt7OXXJuuLpZZnZfQlptTBaXQRqHeec7y5nAsMW9giS4luJ47eDWSYQ0kUsyyybtlZ4tMT5Krpq9OqNGhnlYklPQw+azy8PtBYSzzwxw3FvNuZViL7p841kSSNZGeRFbU66Wd/wfbp2IodmwhK5xXb/n8Na41JaR2sL4db3Btp5iZTcuUfd3EsLI27VUbXojaF94sfbi3tWI4O8LiOpyLGctnKcuEYVc4jpExjWMQxlslkeWRY4hqHkceptPkx1Qp0M9TKSOVkcw5pvOSuNoBdx3VtFFLaiJ95biRYXSUuFQpLJKyOuj031fzVS4rDKlqhkamYsI0FZzROhBgpMoXC3FNyihiGnZRLiWhpriFxpoaa0OGXhpjQtzHeKmtCjDx0xoUkPJtPFHewvMQqLrIZuoNpYJn8dX8C4xqpyIMQn2dkWVgnDAMpBUgEEHMEHzGu4i1JXWxgNNaMcFSAHQAkUktgKrbS3W8uJ39KWQ5gZDtNXneJnmqNvY6SlG0dDXFaqpEquVt5+4/eWH9IW/6vc1u8Jf5mpSxfc0KAWN+YpI5VCFonV1WRdcbMpzUPF5as3k11dWKcXGT0Mum3GSlEt9hagv8AugNgZ8RwuwaWfB76cxrApTeW+J2jO27dI2XUVb8J4zTuruKvPGnH/K5rU5PSpa9+qtytt/dNHYNuS7VL0uaOpci2ETTXtlj2V4mPizRcWsMSnmtkntL3UbPEbIRq0S2lqw8TZaP4N1bdXEO+uGVYuSeFhbstMslrbrrzvzfw00sUbZn2jXpc0dw2W2OtrIT+DwwxPdTvdXbwxLD4RcyHN5Si/g19CPsx/j1pNyy2b0VlcZGCjsjeg0WvuK9dBxHpbg0PJPT8wljISSnpjLGTHJTkxth0SAAknIAEkk5AKBmxLeSqr2mp6bew3bcr1yi8k+0lriN1jGyl/alMUMVxf4ViG7NrLcCJVW+tnlXc+PQJ5cEq+nKnVpU6sHHLMpyjK94kdu+dvtNhalsf2PnEKDxl5hsjmMqOgydPhcCp5X4ZFqTsYTfoMTPJboPnc7e4bj2wtzi1k7TxJPavCz7yOW2uhcRxXEVzbiTS0yRyafG76LS8csdLRi4VbMSpJShcf50mAJh2FbKNYPcWm7xjBlVIbq6EbeFRpPdNKjytv3kk8qXXpXgXgpaUs0pDWmkjoXKTjcy7e4JaCVxbDB8ZnFsrFYjKWuY980Q4XfdxooZuzu+GmK3Ztkm80Hs7jbY9tLi2GTSSrhWzws45bOGWSDw++ueme6xCaFklksbNVdY7fWkWrikpO5CMrasa2szVzgfIbypfcPZPavE7dY3a2x29SzU+Mh3szR29o56TvYYtW906/GaKmnHNUURINRi2T/AORC5lxXCb6zxvFSbS2SbaC9lvJLmK/vp44rhMNtrSRmtgumV/CYYk3FtBuF/DVDKsoxaaHxg5NNEZ2HtMSvbvbjD/ALqXsVrb3sjveb8SX+UdpcNBY2TFVWzhlKePmiRfEQRxR8Uu9DpzjBRdhUm8yOYbWzNe8m2HXd0zz3EF/EkM0kkrOivfyREHN9Mvi/FBp9bKvZypydq+VfvQRx/LTLvYNgENrbxQW0e6hjjTRGGkcLrRXY65WeRmZm1cT1kym76l+KVkY90DUeclsay4U/PRdi2NZOhpcwtjUXqU7MKRbGLHOpFK2jBoge0GzgdSCAQeggjMEetamUnsNsBrq0vMOstn8UK2WFWVx4UZbUzRG6hh1SRYYbW1XTLcXU7/AIduJt3HpTfbmsmvRqUqjxVHWTVrPl18ef22uhOzg1Z6fE1G1dvLiy3dritpPh9tgV5FNFid9cZYxb2LhZrOwfdEyXFzOwTTcu7qqhF8bdRjOgqkcM41KEs0pp3jbS+t3/xt0fO/6WkWoLtrqorJW169CuvL7tPNcX5Wa1e1EKBYUnXK5kifpWWZ+LVr7o9fi23mrjrquDUY06V4Su3v8P8A8MnidWU6mVq1i1vuW6ZjHPbhX1X1WMcttChRejL4iCsqxZuLWCnWC4tYKLBcUIKdYLixFS2C4oRUtguGI6LCBGKksARjpBLiTHSWFKZe6eJ+9WHfpA/qstXsLpqNkJ9z02WgvdmcRtbmNZYLjE7qOWNh0MjWOH/RZe0GXiVuJaMQ2ppiIq1y1ckWIbH4vFNbSOIxIZ8OvAO0oOTQy+TvUVt1JG3DIsnY0S1ahONWNhNj0L5tfOLtdobMSKVivYVVby11dKP1b2LPia3l7m8nstWZVouDuSJ3POK1X/vko/8A9mUEf/m9arf5dxnM677pLygyS4nbYapIgs7dJ3UHoa4uC3G6/AhVNHo7ySoMLBJOQsma/ZLbjZPAcOjSSygx/F5YlkuS8UU1pBI6LItulxcRvDlFqRTJapMzNvNT0soznK/IS6RxnDNlL3aXE3GHYdBCZWUtFZwmGytEYtpklYaliRe9vK7Kp/A1M2qa9JglmL1c9HYbRslugWk+55w0hzmWbdmOyaQ/CZZXY1mYaX5pLLYr7zJ+U0Ybh20szkfe9rbXMSscg0oFzCidP8bM9tFVnEQzuIyLsVOuLhnZnYksxLMzHMszHNiW9Jq0VHSwzct/zqOVAz7MbNwa83u4Yp58iOI2lutu+vLyXmldtPpR1mUKVqjZJJ6HXPc99htxg0l2wIe/uXYHLLOG38TEPheO8Jb/AHlU8bK88pJTSRaAx1m2TJWxDR0lgAIaSwXD3NKoiCWhpHEBiSKmWHmPJFTLC3MaSOmND0zHkjqNoUYcUx3Hb6MsHyP4nvLKMZ9MRaM+rI6l/qsK7bh1TNRS5mFio2mTcVqlUOgBqdc1YDrII+Miopq6Yq3KqXVkyOyuMmUsGB6wwOTV55Ug1NpnSRl6KsNGKm2voOuVq5/afvJD+kLf9Xua2eFr8wqYnulHeS5QcSscxmN+pyIzHQjFev0a3OJ+zSK2B1rx8SxXIfs5Fc4vjOJ3m8u5MNuYbe1t5WPg43kgEDSp/CpbvoZIm4VbxvbrkcbUlGhSoU9M97v97X52OhoQTqVKlR7WLw29iY9QZjJIzFpJT0NI46OhfIiXyI17P49Mp01SjkjsiGc3N35Ct4anuJ8RxZjRmE0HFkpyetxMo+klOvd6CNGVHJUifUYZUT05NEbRhbV4O9zZ3ttGdMtzZ3kETHqEs1s8UWfwd4yZ1NBqLTYySdrkA5v3ODscVtobd5Es8WtI47W/wu5ZYLmG4to1gnMKSsu/hdo9SbriXXoZKtVKMou61TK8JpuzO3W6ypxAMoy6WPCmXw2PDo8+rhqDXluSNoqpg3IRaYxhm1tpZSJZ4ZjWOLNh08EQa3+8UgW9ureEMiyWM96lzFG0T6WWPUvBWhKvkyt7lXsrk75WubvLi2D2mGvisq3lnc2V3HiclvHlvbWPdKqWELJHBCsejdxxPwsmtt7vaip11GTaRK6d1Y1rc1qQYzY42uOXrXsME8OI3M0UMl3iW+1BlhZvvbDLdYW3CRW1t4iLiXj8dTnibxasIqNndGBjnM0s7jaG6xqW9ufBbzTJd4TGZIkupgsayxXV3HIrS4dLoSV7Zk1M28XXopFi7QUbag6PpGTsxzULaDD8bwiW7abDMXuZrmKCO1hglw93MbRSRzhnWVrVokWGNESDSn87THirzUktR6o6WM3kf5GsVwyK3s7naGS8w6yUJbWcGH21pI0avrjiusQDPcNCrNxRRaGl7DTaKbVrRnrl1HxpSWlzb7Ecj6WVxj9yZ3lfHrmWeRRGI0tY3hlhSOPibeyqsrsZG0K3i+CoalZyyrmh8adr6nOIuaY37mP3NPiQcJcJPb3Yswgi3dy1ysckG+LT69T5szpp8mpPKfzM9hOxfZ2udrwfCpIYI45Z5LqVQokuZFjjaVwFDEQRaY4Il06Uhi4VWqcpX5WuTRTSsxu4iqJvkSI1ssVLm53Hta6mtvUpUxbdDQ3pp9xdFuRzEHp6fUNtiPXhzqS9w+ZCdqbIFW6O45HqI9mVSKfIS3IjO1Nz92sIv4r4M13g1otxaYgjZTSwJJmlldr/AOYRJF1Bm4l7S8dZPZLBYqDh3Z3v++X7voTzSrUZJ7qxxvlTxF5sNwOaVjJM8Dl5HOp2OWXG/abs1s8PioYmtCO2hmY15qVKXzLXe5Wrw476jhX/APIVo4zkjLol+FhrNJxYhp1gDEVJlAUI6MoChFTrBcMJRYLhaKWwAKUWASUpLAJMdJYClPuohAw3DB3m+cgeoWz6vtVcw2jGs2fuYxJwO9H/APlZiPabKx1fZpmJ1YqLG8rPJPZ4zZS2N4mqOQZq4yEkMgHiriFzq0yp9Fuy3BVaEsrHM8p9sdj8Y2MxhGVzHJGWe1ukB3F5b58QKHhZG7M0Dfgm/wBzNWrFqqhhpeTXHWvNpsPuWUK91jtncMq56VefEo5WVM+LJWfSKfOKUA5nUvdEdl5YdoXnZTury2tpIny4W3Ua28qhvSRotRX4cdQ4d3jYWRsebZyI7J3MKXWLY3btLkC+HyzjDkjbJdUcs8zxTXOnV2rV0X4dJVnNaIVJFqcd50eymBQLBaTW0iLmUtcIjimBJ0ln1xMlsrtq6Wlm1M1UuxnU3JE0SLavGYNotmLyeyDmO+w+8MCyAJIJow6LHIoZ1V0ni3R0u6+jUUY9nU+IrZ5JWONyxxzRI5CXCJHMvc6JKkyA/iyRI1bjS7xAywXKLyH+BbHYVfmPK4uL555myOpILqFvBQfRTd20LfjT1VhWvOyHW0OHX+P3F4lja9Li2ja1tox0ljNdy3PZ9N5LnT+LHHVlxjG7G3PYjk12KXD8PsrFeq1t4YifSdEXet8uTW1c3VeaVyyiQslQcx9xBSm2AWsdKJcXu6dYLjbpTWhTGkSmAY0kdMY8xpI6iaHIxpEpjQ5GO60y2oqZ1DkGvWD3EXTpKpJ8EMDp+dgR9Cug4TJq6M7GpaM7GK6cyw6BExIpHsKVs2yuxJdTuvUZGy9YHRn8rTXCYuSnVbR0FFZIamnKVUZKVn5/6/vJD+kbf9Xua2eF+sKmJfolGOS33zsfy6/Yatnifs0iDAevj4lmub82Um1B7hiNkSScgAJ06Sx7Irjcc9cN/MdHQ2rP5FnsR5xWAiaWI4zhoeIkyA3UelQZN3lvfwbNqbSyq7stWI4fENZlF2M5VKadr7E0MnQGOQVgCrEgI6ka80c8LLp4tS+TxVTUpbJMnuupxCHnn4F91ZMKadwVkSCPEAEkw+a4bSHiE8bM0aJI26FxxxSdrXEla7wFbsu0RU8rhmyndJlZSQUcEHIgg5g+usZzltZl5JW3MLD9o4ZJJYo5YpJoMt/DHJG8sGfQvhESMzRf73RU2aUVsxtl1N1aSlupWPR1gEj5xT1Wa3TGOA5fYrFAuueSK3Tue4ligQ+x5mRWqxBynsmQyVuZi7FbeWeJRGbDrmC+iDtEZLZ94qyAZtG68LKdLauJOJeJalmpw0mmRpxmrpnNMe2V2S2ouLgSRWOI3tm4huJreV4b1DHpUePhaKS5iRuAT+OVWTRrq1nr0Ur3syHLTm7J6mh2h5v+x2FRrPiIaK3DAImJ4vfy20jjyRZGX75098eh19Kp4V61V2gvsEqVOC1Z3fAdoLaWCN7SS2ktVjVYmtZITbJDGNKIm6bdxRRKunTwKtVJ51KzTbJVZ91nOca53mzVvceCy4zaCUbzUY97LDG0YYvHLdQo8Ku2nSiq76m4auwwdaUcyiQOtTi7Nk7w7lAs57WK+gu7d7KYKY7vfRxwNqbQqb2VkVJd5w7mXRKreRVKUZqWWzJk42umV/5ROf5hGHYktjlJe26oPC7+yeOSO1mZ8tykX/nN0vFM0TppbhXe1qU+G1qlN1CrPFwhKxYzC78XEUU8B30E0aSwyx5ukkciK6SKw7SsrfJrFk3C8Xe5oxSkr3NQNubM3n3NF3bnEdBk8BEqNc6AmssYR2dK8Rj7Wni0U/JUy5rOw3NG9jdSBh1qw9oy+uoM731t8h+WzNRtDtha2qGS6ure1RctTXE8UQXPs5rIytxd3pU+CnJpJO4yTitZMiuw3LThmLS3EGG30N5LanOVIderTnlvYtarv4dXC00WtVakrUK9NLtIhCrTk9Ga625bsKkxKTB0vYTiMR0tASVV5eLeW0Mx4JbuLLxkSvqXyd69OeGrKHaW0DtoZrG42p2jt7KIT3k8VrCZEhWWZtCNLIcookbynf0fJXibgqGEJTfopk7lGKvJiMOvYrlN5bzQ3EebLrgljmTUhZHGqJm0srLp01I4SjumCknsyF7d7Z2FgVW9vba1Z8gqTyhZG1HJcohqk0/CZNNWqVGpPuoZKrGO5poMShuVd7WaK5VHMbtBIkqo47UbtGzaWpZQnDdD4zjLZnM+VPlYtMKWJrgtI8rhVhgMbyiPLN7gqW4Yl8n+MbhWrFDCzrbENbERp7ibbaOG+thc2rGWGTUFYKQQy9Dxuh4kdO9WpsqcqcsslqPhUjOKaehHMDtytjtJmCP3pbrGX8I1ZmM9dR8S7S9TUXyOH8oPvTgH5u/1VsYD2utb4GVi3/l6S+Zb33KVeHHvbhX1YhWjiuRl0tNC/uis8nDCUtgFaKWwlwwlFguHu6ULgCUBcBWkC4krQFwaKSw4QVpLAVj59nN+v8esbMYcqST2c8khgeRIjJHJHpbdyyMsetWROGV0Vlk7dWaM8rGskvM05EZ8CwVba7Crdzzy3dxGriQRO6JEkW9TUrNHDAmel3XVvNLy0ytPMxUdxZKrsUhHK5yP2ON2b2V9EHQ9McgyEsEg7M1vL5Dr9Fl4W4KdGTiBU/ka9zzucMxuC+nvraeys5t/AEWVbmZ0HiBLEV3MGiRtRZZptW7/AJ2rNSveNhFuWg5aOQ+wx218FvoydOpoJ4yFnt3Iy3kTlW7XfGyOreUlVIVHF6D2ike1fuYWIK/3jiVnNGWfpuluLZ1Xh0DxKXiu3bzbgq+sUnuMsbnYD3MWTUj4piMegHN4bFHYuAeoXlwqaNS9f3s9MnirbBlLu7J7H29jaw2drGIre3jWKKMEtpQedjqZmZuIs3EzcVZ7bbzcyWxQraD3PS8kx6RYgkeCPMZxcCSPXHE763sktwyzb5fwSNo3W63ba9fiq0FiUoa7jLFyeWHklhxXCbnC+GNZIlWBtJKwyRFXtX0ji0IyJmq9pd4tZsKjjK4/kVB5snMexC1xVLzF4oo4LGQyQIJYpvCZ0P3vKFjZ9EKN43xuiXVHHwVoVsQpRshsYl9CtZBKxLLSW5iJidNJYcKVKUbccKU4LjTpTGOMaVaYxUYsqVGx6MWRKjY5GJItRschjc5nLvOQFNXpPKLfQsVsNsitpCE65GyaVvO2XUPgr1Cu0wdBUofEwa1RzZIxWgQh0AMXUZKsAciVYA+YkddR1NmOjuVjuLUqzK3Qykgj1g5NXBVIuMmjoYu8UNlKa1YVorL7oGP3jh/SNt+r3Va/DF+YVMT3SivJb752P5dfstWvxP2aRDgPXx8TuOyvvbt78r7LVzEvX4T+Y3U/y6/gVBW1XIDIdHUCBlXpiirLQ4NzdzJluXZVRpZWROhEMsrKgy0ZIhbSvDw8Pk8NNVCF9kDrSfMaaEZZZDLLLIDoyqd01axGpu5mNi85JJuLglstRNxOS2XQufHxaarrDU1yRM68+o1bzuhYpJIhfMSMkkiM4JzYSOrKz8XFxU90Kb5Ib28+pkwYvcIuS3FyqnMALcXCqR5Q0h+zSvC03yQLET6hnVKjb15JdA4BJJJIEzHFpWRm06vg1YpUIRT0RXqV53WoVu7J2HkQsASY5JE1ZDJc92y6tOqnSowlyQRqyitwobfSQVLI2RAZGKMFPaGpWVtLd9K6UGrWGxqyTvcdaEvkXd5NPZMkjOVB7WjUzadXfppY0oLkE60pcwR22nUqMyqwydUdlVwe5lVlVw3erUrpw6CRrSXMOO2VRlkOjuAy6PVUqirbETqN6gezBXRmdGouY823ZfLLebrVo16fK0aqi7KN72HqvPYJIQOgDLuyGXRTrcrCZ+rMqDFbiMKsdzcoqdCLHcToiAnNhGiuqoNXkrVeWGpt3aJ44ia5mJHGQ28V3WTMtvA7CTWe0+9DbzU3e2upHRha1hvbTvuPXGJTP0NcXLd3FcXDdRz73+FUaw8OiJHiZ9TCmtgzanJdugFpCXbo7PE7M3DUipQjskRSrTlzHoSyHVG7xsAQGjd0cKe0NcbK2lvKWldKMt0LGrKIwIurpOeeoNqIYNnnr19rX8LtUOEbWsGeTdw5XZhpZ5HXpYK8kjoCRkxCMzLq0+VUUaMVrZDpVpNWuJtwY+lGePqJ3bsmZHn3bLSujF8kLGtNcxMp1MXYszntM7F3b2u2pmoUIx5BKpJ8wQzMmeh3jByzEcjoGy7Oehl1UjpxlyHRqSXMaVe/pPUCSSegdkavRWjIo7COpKW47DduoISSRATmVSSRFJ85VGVdXwqjlRjJ6kkaso8zu/NquGax2q1O75YKuRdmcjxzdWtmri+OwUK+Ht8TpuFzlOjUv8DT8oXvTgH5vJ9VMwHtVbwJcV7PS8S4HuUC9GPe3CfqxCtPErYy6Z6BBKo2Jg9NKAeiiwB6KLAHppbADRRYS4RWksFwtFFguFopthQtFFgElKLC3EFKQLiStNsKNslIKIZKAG2SmgNstNsKmIK0gohkpGKNMlNFuNslNFE6KAG2SksLcSUpGguEI6Mog6sdLYAFaSwDLrTWOMWUVGxyMWUUwcjFlFRNDjFlFRtDkY7io2mtR3I7/wAmmKb6ziJJZ01RsSSTmp7z+LprtsFPPSRh14ZZkqFXyuAUjAFD2ArvtYwa6nI6jLJ9quLxNpVHY3KXdNQUqmiZblY/dCF/eOH9I236vdVscNX5hVxPdKIclnvnYfl1+w1anE/ZpEOA9fHxO47K+9u3vsf7LVzEvX4T+Y3l6uv4FRUr1GK0R5/J6i9NOEuKyp1hokCkBij/ANeun2GhgUCM2uGR+Lm+L6qtU1oyCb1QiOLo+qkSEbHFh+b/AJU5Ia2Pbr1f8aBollA6TkOj46a3bcelfYVFaM3UAB3FzpzHqXtVRnjKS5l2GDqy2RkLgsndkT5gR9movLqXUkeBrPZDE1mynJlKk9QYEZ+xuy1X6dWFRaMpVKM6feQgQVMkQ3G2T/oU1oVMS0X/ACypXoOzaiTF7O/202wXQkR+ykY64loaGgTJFhnJxcyokg3So4DKxfMlT36EVvo012FsbKPkoP8ACTD/AHafttTLiuwcGw0Gt0ImYppOpjpR9XoaO1po3BSMo7Mwp2YkHrIz/rHVSMcjGxDD80dcss1YZAZd1IgOcgUbj0d45s3/AIHav9Cr/btXEfiBfn4fxOq4Q/yangarlD96cA/N3+qq+A9qreBZxfs9LxLje5MrmMe9uE/ViFa+I5GVTPQbc1RJA91TrAAR0WAPc0WALdUWAG6osJcG7oyiiTHRlAG7pMoBbqjKARipLC3EmOmhcbaOksOG2SkAQY6LC3GmSmWC42Y6Sw4QUpoqY2UpBLiHjplhw2UpMo64kx0WC42YqSwoNzSZQAIaLALEdLYBDrSWAxpRTGBiyCo2PMSRaY0xxiyCoWPMaUUxjkYrimDkdq5G8OaO1Zm6BLIWUeoAJn8ZUmup4bBxhdmPipXkT4VslMOgAqR7AV22ghKzzA9Ylk+01cXWjabNyDvA15FVnsSFYPdC/eOH9I236vdVq8O75UxGxQ3kt98rH84X7DVq8T9mkR4H18fE7jsr727e+x/stXLyX5+E/mOg/wBOt4FR1FepxWiPPJbjqJT7DLgkTL4+uhgIApEgHEi6z3DLM+bPs1IgFBaUYzdYPH4qf1AfVVul3ZFeo/SQ1EoyHnyzNNWwjMm1gLHo8/SxGar81U62IjS+Zao4edV/A2KYCT068vWQACPWpbVWVLij901o8LXvGtkizY6e7oDEdPxL5NUq2KlU3di7RwsKeyubrCNmN508TnzEkKPs1mzrZTUpUHLZErteT+JhlJuwfPqyYexh2aoyxDWxqQwcX39Bybk5IGUU7afRkKTxn2qeJabDHuLvYdU4ZGStcjOL7EXEfFulZe9oWLL9B+Ja6LC8bT0mznMXwGS1giNnLPI5g+YjLp9VdLSxFOrszk6mGqUn6SGWy6e7z1O2V7fUG7/+9CtcNgGDvp2URMaI/wCNMZJc7XyYZSWMf828sXsCvmv9V6gkh6H2vW13AeNY1t0RyTIC7h0aRCMvFojKunt6lami2NdcYxBkCXA6I81IJKF41kyfJfJVuluzQLYx7mxBdgwB6FKZ9RQjiI+V105DLGvisujvyzbTn6GfD/yoY9HK8VtdEsi+Zmy9hOdAqO2c2f8A8DtX+hU/tmrh/wAQeuw/idXwn1VXwNVyg+9OAfm7/VVfA+1VvAt4r2el4lzfcj0zGP8Atwj6sQrYrLYyYnobuKrWJLg3FFhLkG5dOUA4Rg+IYksYle0t3kjjYkI0h0xxB8uLRvHTPT5NOUUwTPLGz90S2rSbeNfxSJmx8HeysRFkwYKuqKCKfSmrh8dq4OLe1N2aH5TqfJp7qhfxyBcWsbe5gJAMlmHt7hBxajoleWGXyMl8T+PSdkFj0B5J+VvDsbtReYbcLPFnpdctEsL5ZtFcQHiidfhcLLxLwVG42GbE0MFNcRLhGCksARgpLBcinKxiElvhWJTxMUlhsL6WNh1o8drLIjj4SsuqljEceZnua209ydpHjM8xS5tbyS4RpHZZpF0yLLKpZtcqt/CNxeMkqea0HM9WGgqrlGIbMFJYcIaGmZQG2hpLDrjTQUlhRtoabYBtoaSwtxDQ02wo20VJYUQYaS1wEmCm2YtxDQ0jC4RhpdhQjHRYW4lkpu4XGJBTWhTGlqN2Hoh3Kpj7WuGYjdIcntrK8nQjrDxWzyJln5WpeiimryQj2KA+59bR3Bxy4QzSsk9pcyzqzuwkkEsRWaTNuKXUz+M7XjJK1MZGKgiOD1PRGQ1gMtmLIajARDDqZV9JlGZ7szlSRWZ2CTsrllMLw9Yo0jXsoqqPiGVdxSgoRSRgylmd2ZYqYaHQAVAHD+Um0CXcmXlBHPtI4q5TGpKqzXw7vAizVnMsFYvdC/eKH9JW36vdVp8O75VxGxQvkt98rH84X7DVq8T9mkR4H18fE7hsr727e+xvsNXMS9fhP5jf/wBOv4FSo/7q9TjsjzyQ5vfN/wAqc2NEH6/PQAsL1f0595p1gFqtKMHVWgQkGAxeIufYPqq/S7rKlZ+khq1tsx15DqOXaPqFZeKxKpRtzNHC4Z1pX5Epw7BMlBfMADhTPIAfD+FXI1KrqO52lOhGnE1m0GJjpRCcuogAKv0u01EItbkVSXQ19hIiZEjWR1IOoH1tT5XZHBpciSWF/M/W0cI6MgubNl68qqTVttS9CblzsTvZ3Z9ZMs5yzHuAJGfm0utY2IrSh+k16FNT/VcmS7HaR3+0Khz/AKq1kPFq/Q3IYay0dzDl2fkTMo/ryyIz+TSxxCb1RL2UltqRXaDZ2CbMOiq/WV6ifWPK+VWph8VOm/RZm4rCUqveWpEZtlIUzBz7+knJh+1XT0OK1UtTksRwii2RvEbFEOSvqPeMh0e3KupweJqV1eUTkMfhqVCVoM1rx/H6/NWnlfIy7jTw+z2im2DMdi5ACXju4evTJFIABmQroyN/WSoJongyV4vsdvJXZ5FVXSOIxIF1tu5N6js7s2lkkbhVU4l7VRWH3NY2wECdGguOnokd3HSFDZqe1rVUUr5Sxx0lhbjeJ4Xnl0DMZgZ9wYZN/VoENZd2FDA5Nt9YaJyfSAJ9tPQiZ1Hm0j7x2r/Qyf2zVw/4h9fh/E67hHqqvgajlD96cA/N3+qq2B9qreBbxfs9PxLqe5DLw7Qe3CPqxGt2qjGieiu7qtYeDdUWEZw/nux/91Ma/NU/WIqckKtym/uSseeIYwD/ACK2zB/OGp0lYfJ2Lbc4LmSYNjsMhFvFY3+k7m+to0jbeAZJ4VFHojuouFFO98aq8KvFQpDM1meafIVt5f7I7TCGVtG6vPAMThBJimg326lccPFo/wDFQyaNX4PyJada5M3dHtdu6hsQMr7yx8+XZ3BJZLae5kuruLISW1jHv3RiyoyNOzRWySr2mja53qrHxJS5CRIweR7n77O41OlrHNPZ3Mj7uGHEI44TMx06RHPFLcwanZtKRtMkrN2UocRHGx1blxj/AHlxj9F4l+pS02KGo8uvczV/70R/mN99hammtCaR64306Ro0kjrGiKzO7sEREUZs7udKqFXrZqr2IrlV9ufdJNmbOUxRveYhkzq8ljBG0SlNPVLdT2qyq2roaDWrbunKmx9iUckvPf2dxmaO2guntrqbIR297HuHdyct0k4Z7Z5W7o1m1NvOGmypsLHemjqKwlxto6Sw4aMdMAZlAAJJyAzJJOQAHaJaiw65V7bz3RLZuymMKPdX5UsGksIYnhUrp6p7ie1WUNq6Gg1r4vt1IqLYp0jko5zOB4227sL1Hn4ibaUPBcZL0sUglVWlVV4i0WtV8qo505IDp5jqGwFe+UznzbO4ZI8LXL3k8ZyeKwjE+lg+hl8IZ4rbUneu+1Lu6njQkxbjHJtz7NncSdYhcyWUznJI8QjEIc55L98RvPbLq7laZGamyoyQXOy7c7aW+HWk99dPot7aMySMBqOkdChFHad2ZFRfKaSolFvQcch2I56+z97Zz3rXRsktnVJI74Ilxm6O8W6ghe5afWsT5LBrbxcnBT3RkFyFX/ukOzqyrGq4jKhKAzx20QiUMcmJWW5in0p36Yfxad5PK1wuWNwPaGG7ghubeQSwToskUi9l0cZqRnxL+K3ZqlJSTsSo47yr877A8IkeCe5ae5jzD29om+kRgctEjlkhR/5uWZGqWOHlMRyOM8ovPgwXE8JxS1iN3bTzWN1FCl1CiCV3hYaElt5biNdWr+FdNXZqaOGlFoHLQ5D7nPYZ4xdyd0eHSL8p7q20/wBVHqTGtqKEp7nodIawGWjFkNRscMM1R6oVrSxYHk/xQzWkTMdTAFGJ6SWUlc/mFdlg6meknzMOvHLKxJBV8gDoAKgDg23rsbubV168hn6IXg+TprkcZftXc2aFshH2qiycrD7oZ7xQ/pG2/V7qtTh/rCtX7pQvkt987H8uv2GrT4p7NL98yLA+0R8TuWynvbt78r7LVzEvXYT+Y3/9Kv4FRR3V6mtkeePccApyGscUfH0U9DRxUpRrHmzJJP1ZUCaij0DM9AHWacvoNs2zp+xXJHis1vKY7CdUmC7uWZTEjDLrRn4mHyKredKFKLTepow4Pia8k1HQ29jyEYvGR94sxy6CHUKp8/Hp+lXI18bGrNybOuocMq0oKMYm0fkQx5xmLQZL3CeEMfV2uKqyr0krlqWDxL0t9yK7TcmOJpx3FlNHpHTlG7jT5RLR6+GrEK0JbFOph6q7yNHaYOqk5oSveDmjD1haScnyYlOCe5tLHZyJgdLafUxIz+X2ap1K0k9UXoYeMo76mdDsZMpDK5y6wUcqfiYVBLEwejJo4aV7pkms8YxGAApNKy+jMBIns1Hs1QnSw9V6ouxqV6Wz0JJh3KMGyFzEYm/jI+lM/OUqhUwVneD0NWhjlLSWhl7SWUckYkYbxOtJo+0vt8pajouUJW2+BZrRU1d6rqQK7sCvSG3i9RJHGB618pa2oT8DGnT+hG8cwdG6RkDl0MB0ew+ktdDgsfOk1bY5nH8OhWX/ACIvNbEEhhk3eO72iu7pVVVjniefVqTozyT3MYxdHd5zl5/NT7ERkWGKTRCRYpHiEqqk27YoXRX1qpYcWnVxcNJYW9jGjvJI+lHYHPPPMnM+vPVSWQbkzwzlgmVNMrHMZZMFR8x+K/EtRtIe3YCcrjaunUy9Z1ImRHq0cS01xFzEvwnH4blc0YA5dKk9Pxel9qo3EkTILyrYZlobLuBPsBy/xUqQXJZzax947VfoZP7Zq4f8Revw/wDMdfwf1VXwNPyg+9OA/m8n1VUwHtdbwLeL9np+Jdf3IAcO0Ptwf6sRrdmYyPRgLUdgBoosBw7nvr/3Uxv81T9YipUh8dGebHMZ5zdhsxdX89/DdypdW8UUYtI7d2VklaRjItxPbKq6erS70rRNJXLG8pfus1vunTCMMnMxBCTYg0UaRkr+ENrbST73S3k+Ep6WuhRsRqBW3mzcgWK7WYyt/c71rXwpbrEcQmUhJSJd5Lbwtwq80undLHFwwLxaNFLcdoj0H5/XLzLgWBsbVil7fy+B28g7UKtGz3VwnEul0jXSjeTK8bUxIaldlCeZdzMjtQ1zd3dxNb4fbyCJ3h0G4uLllWR4o3lV1TRG6M8jI/4SPgp7dh8nYZ57XNJj2WuLKSynuJrS7EoRpzGZ4Z4ChdHlhSJWV1lRkbQjeLkpLhF3L1cknKnLjGwVxeXBLXK4Ti1tO5ObPJbW88O9duHjnjVJX+FJTLakb0ZST3Mof96YvzK++wtPmtCSWx233Uzl4mjNtgFtIUWWJbu/KnIujSMlnbFvQ1RPK6+V4imxQ2KOUcm3M9wS3wmHFdqsXkw7wyIT2llbvCl00DDXFIYpYLqad5V4hHBDwrJHqenNjrlZ9tLGybEGjwTw6W2MqR2nhSxm8kcvkmSWqqrO7aNCqmpvQpbjtj3Y2Ot51s7Rbo53ItrYXBzzznESi4Oo6tWqTXVUjNoy0wBtlprQ4op7pZzg3tYIsDtZCsl5EZr5lOTLakskVvqH8pZX3n81Hp7EtTUoa3A5hzVfc+4sXw9cSxae6giuemzhtTCkhiBYeETPcQTrpl/g41Ts8WvxtLOpZjybYN7mjPZ4zZ3Vpii+AW9xBcEyLIl+phkWTdR7pdy+vTp32uHTvPwMtMlWTQG190d5xU1lHDgtlIYpbuIzXkqErItqXaOK3Rh2fCGV955W6j09iWkowvqBxTmr8wt8atlxHEZ5bSykJ8GjhVPCbhVbJptcqusEPC6ozQu0na7FSVK2XRAcR5yvJnb4Pjd7htq8zwWxtgj3DRvKxktYLh9bRJFHwtK6jSnZqWDvG4HobzscC8F2EuLbXI/g9pgsGuU6nfdX2Hx65G4dTtp4qoU3eoOZ5y8iPIneY9epZWagHLeTzvnureEHJpZMu12tKRrxM1XpzUFcadR52fNQTZyLD3glubpZ1mW6uJI0SFJo91uhGkatuFl1OwWWZ28X26ipVlK9xbHbsQ5Sb3Z3YLDkIeHELvfW8BbMSW8Vxc3NzvtJZWR1tmTd+VG0kf8AFVWy56lx+yOOc1fmfHH4pb+8uJYLJZWiQRAG4uXXSZ2R5VeNEXVp3mh9Uu8/iqkrYhU7JDYq5KecxzG7bCcOkxHD7q4dbbdm4huzC7Mkkqxa4pYYoFVkZ0zjZH1L5dMoYpzllY9xH/c14R4Vird4t7VR8qVz/hqPH3UULTL3SLWCWUY0gqNjkY7LTG9hx1TkQvjpniPUCjj2tqVv6ESuj4XO6aMzGLW51EVvmeHQAVAHIeV2NfCEI7RjGr6RA/ozrmuIpZk0aWGvlINWS0XysHuhfvFD+krb9Xuq0+H+sKtfulC+S33ysfzhfsNWnxT2aX75kWB9oj4ncdkve7b35X2WrmZeuwn8xvf6VfwKoRJXqsdkedN6i2tR5vnOkUriNUjFZf8AoHOmbEqADSjWKB/6zp4hYrmqcgpvZUxK7TVaQvnawsMxdTqfwrqe1bQN1L/CS/Arl+LY/IuzhudnwThmdqtV2PQ7ZzZfQu+lzMh7IZuzn5q41yv/ANnbtrurToO3WBPkXW33zHPJcwv9Y03MkObuRPEdjHc62w26z7zDe6D8SB1WpI1LaJkbinujV3l5BbgCZ76zz6Ab6JZUJ8wn0p9un3zDkktiO7dbCwXEQllgsbuMGPJ1O7mOt1RE8bp1a2bTwzcNOVRw52IZ0YVORXblu5J5MLuI7iKwu7KzmAUNO6TwvN1tHFKGfhZeILLV2nJVo+i9TEqLsqmmxrcGkGnXGAQe0FHD09zxHs1j1o2laRtUaikrmeqRv0DOJx3A5A/JNRK6QrSb0MdsP6cs1J7wR0n2elUubKrxK7hd+kP2lgyg7lgufajbsN6X4rVXlUvK7XiXKbcVZPToR/EbJkOYBVu9T9Y9KtCE4z3IZp7kdvbXPPLv617j6xV+Dt8jPqK+iIljEeWWfk9R86+Y/CVq6zhNfK+zZxfGKGaPaWMR488u7smuuscbcbdOjzevKksKYrL/AH9NRNDrHVOb3sfvp5rtl1Jbpu0zGatNMOLNT2tEP26hqOxND4kz2t5FbKfNljNvIczrt8lUnzvAfFt8nRUKkPscnxnkevrZi8BFwo6QYuCQAenA/a+Fpd6kUhMpDMTxuU6o5Bk3U4ZXV8geoq/ZpQSOuc3AfeO1X6FT+2auF/EXrsP/ADHXcGf5VXwNFyg+9OAfm7/VVTAe11vAvYv2en4l2vcfuztD7cH+rEq3JmMj0Z00ywB5UWA4Xz42A2TxvM5feqDMnvNzEFHyqVD46s8yuZvzW7fal8St5buWzmtoIJbeSONJULPI6PvoH0M6rpTLTMlOZNJ2NPzgeZ5jWzbGW5hW4sg4CX9uDJbdL5RJcI66rZ24PFzpumbhV5aW4KVy2XM590WjfcYVjohtyNEVriEUawQMepY7uCNVjty3dPEiRekkX4amtDJRZke664VI1pgdwp8RHcX8T5dKmSeKCS3Or8W2mypFoEDonuXW0FvJs2beNl39te3IuUGQYGXTJBIV7TI8baQ38xIn8FQ9Rs9Wcp91t23tymE4crq1yr3F3KoIJiiZFig3i9pd+2vR+Qkoih0NDoHNU2ae35OrxpFKm5sceuVBzB0PDPHE+k9lXWLUPSV9VI9xHuVS9zIH/emL8yvvsLQ9hZPQxPdK4ZBtXdF89LWtgYc+op4OqNl8HfLNTlsOjsZHIrzDsd2iEeIXdwtraXCpIt5dSG6uZ49ChHit0fU6qq6Rv5oeGPhpsnYHKxfTkq5rezeykfhjGITIMmxPE54VdC2r8E8m6t7XVqdfFIkrLws8tMbuMvc7theLRTxJNBJHNDKqyRzROkkciMM1kjljZldGXqZeFqjsJceYUywXGmpByPHP3Qbe/usxLeastFjuc+rdeAQdj4O81/K3lWoPQkR6y7FXltJZ2r2TI1obeHwZoyCm4EaiIJo4dKqunTVOVxoWI7ZWcU8VrLd20dzPqEFvJPEk82kZtuYHZZJdK9elKjabHnlx7pPbsu0pJ6msLNlz9EGVOj5SvVuktAPRTm94tBPgWESW2ndHDrJVUHPQ0dukUsRy8qKRHib4UdVJr0gPMz3QDDRHtTfsGU7+OykIUg6GFnFCyH0W1RatP85V2j3bAXf56GIrNsZfSoc1lhwqRSOoq+I2LqR8FtVU6WlSw5nB/csxx45+LhgB9pvqkxeyERfiRqzbvkSFIvdPbFzZYVKPwaXVzGwy6NckKtF8rTFNlV3CP0ncbIl3uf22ltNgMdpG6+EWc1yJ4s8nCzXDzQS6fKR1fSrelHItV8VC0rj4OyJDz18Xij2cxBZJERplt44lZgrSP4VFJojU8TnSjtpXyY6iwsX2lxZMrj7mu33zio/mLT+iSWrXENkJTL2SNWCyyjHc0wVDLmmPUdyudv5LNndxbh2HjJsnPnCZeLX5s2+XXW4Cj2cMzMavPNImgrVKwdABUAcS5TnJvJAfJWMD6AP2mrlcc/zWauH7hFazkWysPuhnvFD+krb9Wu61eH98qV9ihXJb75WP5wv2GrR4n7NITA+vj4nctkve7bz5X2WrmH6/CfzG4/VV/AqpCtesR5HnEtzMij/6Ip9iO6MK6Zekbw5+YLkvs6NNMZJFmIBTULf/ANE85FuS98WvktulYEG+u5B5ECnsBvTnbxQrPx+KWHpX5m3wzAvF1UuXM9RuS/YuOOOPTGI4o1VIYwNKqiDJBp9FVrzirUcpXZ6koKnDLA6NDabw5nsqegZVFe2xGnoYF7sAJHL+FXqZ+RFLojX2Ju+H6dGbT4iX5sYu9i3jUlb67jyHQ0jJIB8hlXVTdd2iRO+lyAjlHkW8ksJ1e8CxxSCWKEyIySKxykg4t0yKvSrdryam0UbiJ3lltqaOLZ22ka5InGGxEsbZ0h31ooCZt4Vby9mV215xrudPk0qqXd3sR1Kcor0dynnKXttfXZNnNNbxxwzOY44keGK4eMsEmDSMysvlIq9mtinKnFaaHO11Vm7MhqYhcWza9Lxt3sAXif2sKJU4VSKNSdLW5McK5Qba4XTMFB6M2U9Kn8U8S1mTwM6esHdGtTx0ZaTNwLbMcEiyp1gEgOvsY1V1i/SVi8pxmrIOO9K569WfksAPmPpUyVNS1Q+McrN9hWIwzDdzrmp6AwHGh84/ZqhVpzp+lBmpBRmrNEL232Se0fPt27HNJB1Ln2Qfgt6Va2ExarRyvvGTisK6TvyOc7RxgjoHsPrrosPNxmpLc5jFwVSDXI00JzUZjLqz82Y7q9IpVFUgpI8xrU3Tm4sPv6jkfP3VIR8hi6XIFh3AnIdOfspskkKi43JjsEbLDraFhlK6b+c9XjZhvGB+Ci6F+Du6zZO7LiVkHdXEbFQCeM5RsVZY5G9GOUrpY+b0vJpqBMjG0Wz7SNCwlkiEUu8ZYzkJgBlupfgUMfoR/aTZqG4GU0SSeYsvEv4jjiX6dOuAfJvsTFaWO0zRM+mTB9OhyG05Sseh+03yq4r8Qv8AOw/idVwb1dXwOX8oPvTgH5u/1VVwHtdbwL+L9np+Jdr3H3s7Q/jYP9WI1vTMU9G6jsABRYDknO02BucT2cxWxs0El1NAhhjzCmRoriK43YZ9K63WLSNXlUqFjuVV9y/5DcXw64xS7xCyuLGKWCG3iS6iaCSWRZWkd1ilVZN1Eq/hGTS284d7QySb0L/X9hHKjxyoksbqUeORQ8bowyZGRtSsrd6tQRLQ81udF7mZdeFi52aijktp28bYyTxxG0YnpeCW4dFe2btbvXvY/J3qUEymW0k5sIvtlLTZ7FZt5PFaW6G5QlzBdwp4qWFnVGdINW4GvRvIOFvwtNuR3szzb2m5qW2ezt1IbGDE2BJjS9wR7p9/GdRUlbFvCYl4elZ0TS1OuTZrolXIfzBMfxu9W6xpLmytGdZLme9Ym/uRnxRpBKzTrK6rpM10iKq/xv4KkuI5HqBthsIpwe6wyzSOJWw25sbWMcEaBrVre3T4KLwLTbkVzz49zt5ueNWO0Et3f4ddWUFrbXMLSXMTxLJM7JGqW7Oum4HC7b6DXFpj7dOkySTRZznn8zqPaaGOe3kS3xS1R0hkkB3VxETr8GuGRWZFVuKKRUfdtJJweNpqY1SPPWbkL26wNjBbW2OwI7P04TLeSwuV06pC2GO6rqXRlvdDN/uqddEuhscA5pG2m0Esb30V8FzIN1jU8ytEuaox3F0z3fkdlYeJUj8ii6DQ9SuQ3kqXBMIscLSUz+CRsGmK6dckkslxO4TU2hGmlfRHrfSu7Wq8hhN2FMYDLU24FXOebzOl2iSO7tHjgxO3jMamQERXUILMsMzhWZHRmfdyceneSK1SQnYeihS8ke3GD521vbY/bqSSVwyS9kgYgsMy+Gu8Or8biqbNFgmdJ5FuYDjt7dx3mLO1hGsySyNJNvcQmKOpzj3bvumbTpE07oy9pUlqOdRJaDi0PPX5qb7Q28M9myJiNoGWMSHQlzA51vbu/kOjcUTNw/hFb8Lvqgp1LbgUOtOSnbbDSbO3tsft0c8Udk16bVi50ZvLZO1txd7M/Z7VWs0HqBmY5zG9p0tHxCWzMjli0lskonxBg2otMYI9e9Zm61WZ5/Gdim9rECzGIbFYueTieyvLaUXkUcJigZSbgWdviUFygkiHEjxQI+UfaWKOPVx1WzLtbi2NF7l5s/MkeL3LxMsExsI4ZSCEkeHwoziNj2t1vUzZf4ykxUk9hyReWQ1m3uSIhHK5yY22MWE+H3WYjmCkOhAeKRDqiljY+UjL2fKXhbgpadTI7g0ea+2HNQ2lwS4aSzjuplUkRXmFtKZGQtkucFu3hMT9hnXQ6r6ctayrQqL0iJo1EfIRtZjEgNxa4pM0eaiTE3mj0AjNgjX8itpbT/BUva0oLQVxZ3rmE8lOKWN3iE15Zz2kDQpAPCI3ieSZZVdTEkiqzxKuvOReFt5wvVDG1YyjoSwTRc5xWIWBhxTBUC1Kh0LdnUpYedc+KnQ7yEls7FmLWdWVWUgqQCpHUQR0ZV3UGnFNGA009R4VIIHQAVAHFuVOPK7b1pGT6shl0/RrlsevzWamH7pEQKy7lsrH7ocv7xQ/pK2/Vrqtfh/fKtfYoRyWe+dj+XX7LVo8T9mkJgfXx8TueyHvdt58r7LVzMl+fhP5ja/0q/gVahWvWIrY85luZaJ/96ksRXA1lIep0PqZBRkFzJGFdYLKMzpU9QAQ9JJ6FCJ5TM3UtRySim+hNTedqPXY9AObDyLfc+2jt3X76n0XGIN16Gy8Vag+jAraT/O7yvNeI4t1qrfJHrnC8EsNRXV7lsrW2AAUdAAA6PNWMrXuzSfRBYxFEIyXJRIwWLg6CvRmx1fBWrUZX2K7g0effL5ymYzBcJLFfXa2E+s25SYjLp/By6VXTKq/SrboRpy1aMLF1K1N2vob/m9bbC7G4kNzPiarJIWuJnaF0AzWQzlmZFRW6IVTU1UMfahHPyLnDJ9q8j75cjkv2PEaHpJZiryuRkZJMss/govZC1yHaSxErnUVctCNluS3aXk6SdcnUP3kHrz8+ryqsOg91uZ8MYlpI49tXzfLSTMPAmR6SGQMufn+D8miNapT2ZYcaVXVo5DtdzZIoVMkfioRmSwn0xgjuCStp1fBWrcMVN76kTwdK9locqk5ulxen7yt5rvM9Mm4jWNfZO7xavk1oU8Y07NWM6tw+na6Zm3PMKx1IzJBKsUoBIhZ5FjbLyRMJJV1fCZNNX446LdprQzJYGS1pvUr3thieL4XMbe+hltpgCwWRQySIOjeROOGVPhRVowo0ayzQM6eIr0HaYvBOWWZcmeNWHeUOnP2r2ahq8Piy1R4tUg9djvGwG3dtiUDW75asjwv3Z/4a5HGYOphanaw2OzwWNpYynke5xrbrBHtZ2hY5p0mMnpyHoFvK0+l6NdPg6yrQUlucnj6EqFS3IjtqM1LZHINkfUf2WrteF4rL+VI4XimFcvzUOSJ9XV3V1Gm5zAUDlWVgeJWVxmAVDIdaEqeFuJey1NsmF7FpeSPlKmxe2ura4KNeoMw+QjW4jzV2DqnCrMq6Sy8NUatNRZPCd0SXbK8EkMiiKZG4C4kidBbKjq7O7/g+HTpj3Tvqbd6arpErsaO/wBoIWOY1aWyYtlwJnqLB2H8Uq6nb8nQ0wU0a/EbGkJOQvC4NOHbQfop/ttXE/iH12H8TquC+qq+BwPlD96cA/N3+qq+A9rreBoYv2en4l2/cfOztD7cH+rEq3pmKejQFMAVlQAKBQUCJ3BQDCIpgBU6wtrgpomwkigRsKgURQxBL00emNtSCiGpoDTimgNvSMeMvTdhEMtTB4y5prYDDUy65jkxljTHqKNsabuAy5po8ac0nxFsMOaY23uKMOaYxbmNIajem4pjSVE/gO0MWQ0xsejHkNRt66jkzHemjhhqYKhpqbzFudr5IriQ2nHnksjCPPvTJT0eoNrrrOHOTp3Zj4lJT0JwK1iqHQAVAHFeVP8A8W34kf1Vy2P0qGrhu4RNRWY9y0Vj90QH7xQ/pK2/VrqtXh3fK1fulB+S33ysfzhfsNWpxP2aXgR4H18fE7nsf73befK+y1cw/X4T+Y3H6qv4FXoFr1iPI83kZsS1JYidhx7Jm6pGX1KB9rtU6wiaJ/zeeTprjF7ZmbeR2ud0wYHtR/gs89S8LcVYHF6vZUrX3Oo4Fh+3rX6Hpbyc4SEj3h7UhJzPWc+8/jV5pN3Z6tJ6aE8gjz6O7PMmmxWZ6EDdkcO5btvFuT4DbPnCrffUqHodh/5eNvK/nG7K9mrySgiOKctzm2LbMRXlvJazICkqkAgdMb+RInwkalhWdN5ha1BVY5WzlvNi2WlstoJ7SfpZLaVVYdmRSV0SJ8Fl8nyaXis1Uw9zP4NTdLEtSPQzZSYJGCerqJ8xzrl6Ta2N/GRcpE2tMSUitinUVtTnqtNrcZu1TSScj0E5kZmlmo2HU3LYrFtPhKXF8bq9++HiBFpan/wtsurhfddmWZtPSzVWU9NDap0+p1bZiyk3bTSOIYEXW7MyRwxoBmzyStpVFX4VS0ablsitia0IaPcPk72+t8Vjmmsd9JbRSNGl00bJBcMnbe0aTJpYdXAJdGmTyeCrlSk46c/3+/hzKdOumQrnF8ilvjmHTW0qgTory2c2XFBcqma6W7WiX8E69lqTDV3RqE2JwyxFNo8mE2Vmtrhre4iaJs3QhgQBInoN2Wrr3VVSKaOH7JwnlfIz9l8Xa2mV1ORVsmA82fWKgr01Ug0y1harpTujpfKjd+EwxXA61HSR5qxsHDsZOB0XEKnb01MgWz7fhM+y2QI9tbak4TVjnMueLMmzQkDzdIPtB6q9HoyzwTPN6scsnEO4Xo6PX89SS0IVqSPkv2xNhexzZ6V7LE9IAPZL/AVuEr6NQVI5kP2Lox4mZYhKqb2Jsjrtzr0EjsS2reMRl72XWvo1ltNF2MlIhWLbG20+to3Zc/wgt20Z5Pm2uIrqRmZengTVu6VSBwuaOHA5EL7yQyA6QpJ6lXoQhfJ1L19tmahirTQaS4Hge0MQ61wcu3qLyMFH0V1Vxf4hX52H8TquCP8ALrL5Ff8AlC96cA/N5PqqtgPa63gaOL9np+Jdv3Hzs7Q+3B/qxGt6Zino4BUYoKABQAKABQAKACYUwAqABQAigAmoASaawGmFA5DbUxijb0jAaemjxl6aAyxpg4x5KYwGHqNjxpzSAMsaaOGnamsUZZqYwGHaoxww7U1jjGdqjYpjyNTGOMZ6Yx6MeQVGxUMPTWhUMuKjaFGmFFheVjunJnjUctsiLkGhCo6+vub5XXXW4CqpU8q5GPiIZZEvrUKwKACoA5tywYQNMc46wd2fXnmyfRyf56wuI09FIvYaWtjmcdYG5oorF7of7xQ/pK2/VrutXh3fK1fulB+S33ysfzhfsNWpxP2aRHgfXx8Tuex/vft38r7LVzD9fhP5jcfqq/gVjhXq9lesR5Hm8jMhWprEDZkpbE+Ww9hH7NOsIrFrOZlsURBeXLEs08qQRs3SQidLgZaeFq8+49VvUydD1L8NUFCj2vUuzhgWONF7+gADu9H4q5Fq7Orbscn5dOWQxILW2fdoz6Lm7LBFC9TRQufS8ubyeytaFGn0Ks3ZZ5bHCcT5ZMLgRkV5rqQABRaIEi1fnVxpVkXyliR6t9h1KbxsLXiRvCudMySaJLCM5ZHOKV0Yrn1FHVl1N8GleEzEPnHK7NE8wnaW2lxfDsStG1Q3CGBgSFeN26GhmU9h0b0vxqz69KToypl6hWgq8ah1PHdiJ5pC91eXAOZ0WtnKyRxp5pJfLdu9lSsKl+WrI6Kb7XVmrsry5snWW38OVEbIl5S8b+ze6tVT53zRGqFOSLJ7AbZpiNrrBCyDgkAHZfyTp+FUiakjFxFF0ZkD235MRdahvntpAymKeIIWVlPEkiPwuvo0kNEWlUG8L5qlvdvFLiuI4pikMTaks7i60WLMpz8ZZW6pG4X0WStbDzaVkv3/ANeBjYq05fE76I4440jjRI40ACRxgIiqOhQFHZWrEpZipCDTIfj1rp6fP0isqsrHQYWWb0Tz457WDwxtLIQFkiubaWEjIa98ONPhcOutrASbVjE4rGKd1uVnx3C/LQdRzIHeD0rWlCfUx5w0uiTbMXYlgkgb0GZfUQOr/hVKvG086NLDTz03CRFcDTIupz7wPaOmrktkzPgrNo2iLw9+XT0Dr669FwElLDxZ51xCOXEyRjsnq6Mj7c6ucygMSIOj+jP++k5jloSfYnlPurBhu3kMYIBQNkyr/NMeFl/m5eGopwUhU2i1Wye0EGKWy3GSmUZamXNHGfQkiMNMiauyy69Ktw1mzhlZchO5ivFlvi7lo42YKz5awI0++C7hV1jV2G/m6iHPqcq2Kxkzpta3cMGUZdwLTMcvkroWuS/Ea/Nw/idPwP1dZ/I5fyg+9OAfm7/VVHAe11vA1MX7PT8S7fuPg4dofbg/1YjW7NmKejlNFBQAKABQAKABQACKAE0ACmAJNACTQAk01gNmgchs0xijTUjAaamjxlqaAw5pg4YemMeMPUbAYakAZY0weMsaaAyxpg4Yc0wUYc01jjHkNRscY7mmMUxnpjHIx3NMFQwxprFQ0xqMUbpeY5nWORW1yjnf0nVfoLn8/H010HCo+i2ZmLep0oVvlAOgAqAOW8sOJZvFED2Qzn2noX6q5/iU9omhhY8zniViF9FYvdD/AHih/SVt+rXdanDu+Va+xQfks987H8uPsNWnxL2aXgMwHr4+J3TY/wB79u/lfZauZfr8J/MbkvVV/ArJEK9bWyPNZPUzoVqQhZmIPN0k9AHrpW8qYR1aR6Hc3vZTwfDbGFRxboyP0eVIc+mvJOIVnUrOR7fw6iqOGjE6ltHFMIfFnJtWWfq81ZqetzRja5VjnU3aQ2llGxKme6kj4cgW0Q71wGPpcCBa18JCU7uPIy+J14U0ovmVun2jtkGiCOWaduhdZAVSe8qKtOnUveWiMhVqUVaCu2BdnWjGuT8NIVLerPsgfBWljWT0Q10GlmnuYeJ49JbneQuY2V1YEHhLpxqWXyuzU8YZtCpOp2bVj0O5MOUQ4ph1picFv4Q0islxBHJGjpPGd3PGGk0r2uIfBkrkq1JUarhLY7WhWdaipxNjtBhmN4nnaiyiwPDNOdzObyK7xO7ReJbWFIRurOGVuGR1feMvDrqxno06fo7v9/v9ooQVeVZKb9H9/vXwsa7kbvpLHEtwuQjmRkCnsgxnNCPXp4ayIyea6OmxVGM6enIsptFhMZydpEiDBixfMAFRnvCfJTT1t5NbM6MdNdTkKVWaukr2NXsnfsykZjLMkFTqRsjkpRh2lbtK3lLUdN2LNZRST5m6lucgT/RUucjULuxHsdutQ/o+eq1WVzTw8FB3POf3Se2K3+GdJAks5Syg9DNHNoWQr6Sq2nVXQcK1gzmeOS9OJwbAr8SxKT3AJIO/Idk1cqrK7lGlNSjcEBNvMpz4HzyPdn5qY7VESRfZzutjHdvGEjqJNPW1iKTtK6My3c5A9GRHT0+v/DXonD4uOHR53xGV68ncXNHmDl0H+/zGtDQzUzFkTp9vQM+sZCm5R2gwYuvPzdRpLWFbJrybco5sjlrkj4i0csY1aC3bjkTy4n06qgqRzCq6Jji3LvGYDAZEZCunOOGQOVz1sC3Z4262qt2ViXNJo0/IPMzWW1bN1vhOo9OfauHOVcR+JdK+H/mOy4H6ur4EU5QvenAPzeT6qz8B7XW8DUxfs9LxLt+4+Hh2h9uD/ViNb0zE5Ho5TBQUACgAUACgAUACgBJoAFACWpgBGgBDUjAbNIO5DZprFWw01ILe409MsKMvTdgMd6jbHajD013Q9GPI1MfxFWowxqNsW4w5pjY4YY01sW4yzUy4ow7U1sdcZdqY2KY7mmseMOajAx5DTBww5po8ZemANMaaxUJo5IdbQ7jyYYUYrVc+uUmX2BgAnzqoNdZgKeWmmzFxEryJfWmVgUAFQBzTlewdBon1ZOSIyvpKNTah61rB4jT2kX8NLkc1jrBRfKxe6H+8UP6Stv1a7rV4d3ytX2KD8lnvnY/lx9hq0+JezS8BmA9fHxO67Fgfc/bvPoGZzPmGlq5v/Xwl/wDkbk/U17fArdC0P8b/ANfRr2GEYWVzy+We+hnwm3/jf6P9NTWp6akTc+hIdj8Fhubq2t45NTyyoAo7+nP0aocRnTp0JSuafDKU6uJjGx6ibBYYEyUZZRKkYy6uBFSvG6krtntlssUjfY/Dwnzer1VCr6EkepRDnlx280mG208roEF5cZR5FzqMUKkKV0+RXbcGjFUqkn8DjPxBNzqU6a+JBNiMIs4V1WyvcSdz3LBinyErnsbVqVajvpE2eH0aVKCa1kMbV2+R3kkik9JPUqj2L2qkwrXdDGN95nJtpLjXrVfKyYH2VuU45dzmKjzbbnduYly1LY3kmG3DZQXrK0JJ4UuQMsunsrKvD+NWNxbDZ4qouW5ucExWSTpS2Z6Lz4jpBX5vjrjs+p27pKWpyLaHC5fCkeFCzAOoy6wXGSujedGXVT4S+BZ0y2kdD2K2burxgmOvHcwoVygUFYZWz8Ut2inxkKtxbnss3a4K0qMvTzS2OdxsFGm1RevM7I+z6RgLGEjRRkq8KhR5gpy0r5lrQdNIxo1pS3TNXHiMMgcxypKqEoxjOpQ47S6xwsV79PZqGbUS1BTjv+/38dTV3lsD09OQzJqjI0Kcjz190wTO6wg5fwF0Mx1/hEOR+DXQ8JfoswOMxu4sqPhOImFsxlpbrHcR5q2pxuYNOWQmFrexyIUJzQ9KE9aOPIb0fgtVJxcTSjUTjZmGISAD68s8/NUmbXUZZ20N3a4DM6+LhkboGTAEqfUPSr0XD1aappXPP6uBxFWq2oi12cuAf/DTd/Tu383V0VZ7an1IZcPxHOLMO+snQ8ccijp6WVlHV6RXhp2aL5laWHqQ3T+hgzrmOrP1A07cg0ZhOnX0Z59QqKw9O+xjy9f9/m9VRyJNUdc5AV+8NqejL95l6P8AfNXn/wCJvX4f+Y7PgWtOr4EV5QfenAPzd/qrPwHtdbwNPF+z0vEu37j52dofbg/1YlW9MxOR6OA0wGCgECgUFAAoAFAAoATQAKAEtTACNACDSMBs01juQxcTBVLMQABmSTkAPXQtRVsc42r5YoYc1jyZvOczn7EHFp+E2irEKPUrTrJbHOcR5aJ3JyL5d2RCfYX/AB1aVKKKrxDMKLlbuAet/jlc/XqpOyiJ5QyR4Ly1HoEvTn6QA+Z0/wASVFLDxexNHFHRsI2kinGaN05Z6SRnl5xl2lrNq0pQNCFVSMtzVR6k9jHkNRijDmmMdYZdqYxRh2po6wwxqNsUZc01sWww5po4Yc0xjhhqaAw1MHjTimgNsKaxUBMsxn1dGfspYtJpiy1VkWSwy4Ro0aMgoVGgjqyyyGVdzSayqxz8009TLqUaCgBDtkCfafb0Uj2BFfdosekuJC8hPRmFXuQeYD7VcbXrSqSdzapwUVoa6MVW+BK0Vj90S94of0lb/q11Wrw7vlSv3Sg3JZ752P5cfYatLins0v3zG4H18Tumx/vdt57W+y1cy/aMJ/Mbz9VX8CrkS+wjIZj116/HY8xZlrED1ZVJpoR3Z3fmgbNCTFRcFeG2jZgSOp2PD/yrlePVclLJ1Oz/AA1RdSq59D0m2JtQI9R6yc88uvvrzk9HquzD2ofxZ9tIh9M82OeFJvMaWP8AibK2AI6cjI7ysR8Ja9J4DSUqGvM8y/Etb/M2XIjVnyVyvhb4qLiXhDalYoBr15Lkw8Yy+esXEYmk+JeQpavmb+HwUvNixufXoQKSZsxqOsHIElicszkpGfwq6CtwxUouSZyVHiTqzUJDmM4S65P0dHxjL11gQqp6dDelScSM4jCY3WWMlekMpB6Uden+rVlWmsr5lZt05Zo7o9J+axy/pjOHbuVh4daKkVyh6GZcvEXKekj6en0Wrz/iWDeGq5v0s9J4XjViqW/pI6xDd6G1FWbT1rGpd26epUTiZvg1ShI05xucdu+cvik17JBh8FvawoWjlN+yw3OanJi6Pm0Oru3aP+PWjFJat6F6jw2FRZpRv42//fE6DslCcTmEDzLeSsFa5WyMq2Fqp645buRmlupB2d2uhWbuFWbRk7xZUxFTyaHpRS5cm39Nr79eqRZixwFEjSNEWOOMBUjRQqooGWQULpU+eppQutThpVm5ORqNqFWNMhl05Vn1LLQ0cK3OVykHPlwgT4X4RoBZLqMI5HSkeTDIfj+VV7hlS1Sw3i1P8psoXY4bvG3TMEJ7LN2Qx7i3krXWt22OPhBy0JPc8jmKRdMcYlTIESRMGUg9wXtNT8qauXZYGuleKubPZ/YPFXU/emS59LSkIA3kkKW1NSLDZ9SelhcQ9LHWNhtgr3TokmyCqMogeEZnNtGXa1NWnSpSirG/hcLNaSJkMPKnQQwI85OZ9fRU+Wxp9kk7WQ82Cax06ip6w2ZH0T2qek0E8PGas0rfI5xttySIQXtgI5OltAPipPUFPYdu7yWq/RxTjo9jiOK/hynOLqYdWfQ41MufdkynIqehgQeIFfJata6mro8slCUG4vS25hyjp9fSf+VRNDk9DrnIEmVhtT+h16P989cB+Jl+dh/E7PgT/Lq+BFOUH3pwD83f6qzsB7XW8DVxfs9LxLte4+9naH8bB/qxGtyZho9HFNMTFDpwAoC4KAuCgLgoC4RNAiQVAoKYAigAmoASaaOQxLIFBJIAGZJPUAO+ltfQHoivfKlyqNM5hhOUanInzkd/432au06djOq1b6HLHfPMknPMkknr9Zap9iq9TWXGPxr0Z6vYM/61LYatRldqI+8MB58gf8VJsLY2Vreo4zU55dY7x7VoCxuMEx+SBgyE9eZGfR8Xot8Kkcc2g+E8rO9bI7WLdRhh0OO0P+v6aw8RS7Nm1Rq5zcSNVBstmO7UxioYdqY2KMO1NbHjDNTGxUMs1NbHDDNTGgGXNNY4ZY0xjxpjUbQDLGlYDdRseJY0tugnI7XyV4fLHbeNzAZtUanrVCB5Pk6jm2XrrqsBGUYWkY+IknLQmtapVBQAVAHCNvsJEN1IoyybKQDzBunL6VcljIZamhrUJXjqaJKoMsy1Kxe6Je8UP6St/wBWuq1eHd8qV+6UG5LPfOx/Lj7DVpcU9ml++Y3A+vid02P979u/a32Wrmf/AJGE/mN1+qr+BV5R0fN016/HY8yZlwD1fHUiI5FsOZzgR3UkmX4eYgHvZU6F+Tw153+Ia96mXoeq/hehlo5up6C7NWOUar3Kv1CuShqjoa8rSNNtMOEDuJApq3J6b0PMDnEX5kxq6Y55hIAPPpQMFBr1zgqUcLHVHjfHqjli5+BOtl40OznFIQC6q8AbodGmyZxF6S6vwleeY+clxq8Fr18D0/D5v8PK23XxE7R8j1pBbq+7hCurz9pnmkWIZpHqPZeWTREFX8Wo6fHsTiKroXe/Q89ocDrziq8X8iDWOz7SIsN0m5nkQFcjqXM93Rwtp7LL5NaGLhUw8lPlzO8o0JOmqVdWlyZANpdjpIWZHXv6PMcuyQ1WqGKjNXRiYnCzpS1NRsVtleYTdx3lpJu54+jpGccqHtwzJ5cT96/KWrFajDEQyzKlCtPC1M8Gel3INy/WWOwCS3IhvIl++rF2G9iPlSwt2p7Qt1Sr2ey1cHjMBPDOy7vU9CwfEYYqPxOnz7G2N66m7toJnXIB5I0Zxl8PtfJ16ayafetfQ05Vp04+i7HXNnMMgtokigjjhjUZKsaKiD5KelXRUssVocpXlOrJ5rs2eI4yqLmT58h3n/TUlSqspTpUJOVraHJdo9oN+7RhyT06ivUi+UNXpNWVK8tTpKMFDQ5Zy+bHeGYTdW6ji06lGXTmvSpHwl01PganZ1dR2NpdrRaK34ZzVYr7CoJ4DouR0k55sxV2WeJlPlIy9Fbs8b2c9TnYcPVSF1uRjZ3DMQwqVo3Twy3jDGSJTlNEoOTEKfJX6NbdCfaekTUe1oaNXR1rZWe1uoQ8LFuli8b8DoT05FfSXV5NbtGSaN+jVjNaMdv8HMeUyD8GRn5ih6GBq1Zos2a1OhDYOK4jVs82YKyuPWM8qmypliyNbd7MZAqwzPTkcv8Ar6NFkIlyOf47ZaeFh0dOXmqvJcmQTRw/lV2FObXUQ4lA36gdLoOzKPSdPK9JauYWvleVnm/4i4P2i8opLXmjkcjjzd2YPdln11ptnmlraM65yDn7x2o/Qy/2z1wH4m9fh/E7PgXq6vgRLlB96cA/N3+qs3Ae11vA1sX7PS8S7XuP3Z2h9uD/AFYlW5Mw0ejdRihhqcmAdKFgUBYFAWATQFhNAApoqQkmkECoASTTQEsaByOZ8uG1pt7YRocnmJGY6wi9o1PRjcq1p5VYrcT/APer70M25HLieS5kWCBS5ZgqqozZ2P8AhpsnbckjE7nsXzX4lQPfSM7kAmGI6UT1PL2nP4uiqE8R0L0MOSTEubnhbrpSOSI5dDJNIxz/ABZWlX+pUPbyW5O8OnscL5RuSa4wxhIGMkBOSzKMip8lJU4tJbu8lqvU62co1KTiYOE4kJFz6Mx0MP7/AJVWORVJdsNtEbadGz4GIDjuyPRnUVWnnjYmo1MjLAM+Y6OrLMGuZkrM6BGNI1Rschh2qJsUZdqa2PGHNMbFQyzUxjhljSNgMuaY2OGnNNAZc0g8aY00BFJYeEGyIPmyNLDSSbG2umWQwXEhNFHKBkHUNl5vOPiOY+Ku2oyUoJowJKzZn1ONBQAVAHA9tsRMt1MT1Big6MuhOEVyGLm5VWbNGKUDTpVNkzKxe6Je8UP6St/1a6rU4f32VK/dKDclnvnY/lx9hq1OJezT8BuB9fHxO9bB2bSWW3MaKWkkfQiDrZ2GSgetq5dr8/CfzG5Jrsa/gcMtuRLFz1YdceYDJO75VevxtZHmM3ds2H/wFxtgcsMuegE55J3DP0qdKSUWxIayRdbmzbI7iGKPLIxRoDl6eXF/W115BxSt2lZs914ZQVDDRj8C2uGLlGfZ/dVCGxHUd5EW2o7I9udNh3i5T2Ka4ls9CZrmaVn4714QEWJss3yUlpPJ9KnYzH1ISVOF9Dlf8NR4hXnUcrEP29swGuLKA6m4UDkABOlX1Po4V/FrV4JQqYiarSXXc7SOEjDhXm+Mrvrb4kj2b2OLsktxJ4Q6oEQdKpGmeeiNfxuLVXcYPhtHCtzS1YYLARw1NQ6GdtfyZw3SZccToc45l7cb+cKfJbvVu1V2vho1o5HzLGJwqxEW+aOWbS20kA3GKRcPVFfRKWiceTvVHFE/nrhcTwurh55qWxg1VKCyYheJBcb2CUjUumWMjheMg9Hqy+y1JSxb2ktTGq4KLV4aohdpaS2lwk0E0lvcQESQzxko6kd4y/pXstWk3GpDK9UZGWVKV07NF3eQrnQXt3B9+QwzSIVQzwt4Ozk9ktAVaPPz6dC1yWN4dGm7x0R2OBx0qsbTVzvUHLZcJkngU2nrzE8LL9IN/grNUZLS+iNCVOLd7Gr5QOU69Wznu30WltEoJCuJLmd3OiK3iY6VV5WbSPR7VTRp5tLkmGw0Z1FTWl76k62HsgsUUe5aGURQyzKziQq0yawjOFXjXvWpq1J07RIKsMjundJ2+mhn3eElg+fr+P1VSs3qTxqaW6kTwzANyZAihY3YyEDukbtOPx++nubna/IIwUHdHH+VCw3WKWky5DfHSwy69Q0Pn6Wqur4NUzKxXqwyzRlWvJOIrlpoFBikUmSHq0nzx5ej3ejXZ0qeWVx1OioyujdXGz2ano4SMviNXjQjZqxveT1vE7o9qF2T2r1p/VpgPQk9/gYder4/NSKRBnOe7V7EkZt3dZGXf5xT2sxYi7nJcawPpPVw9HSOtTVeSsV6kL6MrPypbAtaSmSNT4PK2a6endOe1GV9Fu0laVCrdWZ4/wAd4TLC1O0gvRZJOQH/AMDtT0//ACZf7aSuL/Er/Pw6+ZJwPSnVv8CLcoPvTgP5u/1Vn4D2qt4Gpi/Z6XiXZ9x/7O0Ptwf6sRrcmYaPRoGoxRVAABp1wFZ0oBaqS4BUoBE0wAiaACoASTSNgETSDkIY0ClbOXzEy99o7oo41A9bjeN9qr9HumXiHqcmx250xn18I+Ptf1alKx2fmx7AqkLX8i+Ml1RwZjsRqcncet2XT+LH/O1RrzNKhDS53FzVD4l0ZkamskSNXjGFxzxPDKuuORSrKe8H7LL3N5NEZ5Rso3KdYngjWV9JbMc9LlAT5aNxxP8AKVkatunPOrmJVhkdjbVKQ7MsNsjiG8tYHPWUVSfWnA32a5rEK1RnQ0HeCNhIap3LXMYdqYxww7UxioZdqQcMsaYKhpmpoo0xpoDLVGKNsaaDG2oHCWpgDZpyV2F7XLFbMYfureGM9axrn+MRm39JNdrh4ZIJGHN3kzbVZIwUAFQBxHlNtAl2+Qy1Kr+okjpPzrXK42KVRmrh9YkZSs7YtPQrH7ol7xQ/pK3/AFa6rU4f32VK/dKC8lnvnY/lx9hq1OJezT8BuB9fHxLG8jn4PbDj3Z8KiykIBCfD0vwtp+FXLTdq2Ev/AMjds3SrpfAlGG7z/a8Y6f4ix/ar0pV6el2cR5PPW0Tf3N3KkTacWErMNIhW3sc5NXQyao2ZkXT5S1UxeLhGm7M0eH4GdWvGLidl5FsEAVQAB0An5RyX+qteZVHmnfqetSeWB2+RclI+KpLWRkXuyHbcg7o5dY6ajjuX6ZTPaLD57i5mt4fFp4QZ5Jj0lSD1KvlO1dFgOErFT7WeyLWFg05dDpGyPJVbhe0zOSWJbLN3PaeRjxM9d/TowpRUY6JGkkoJxJhhfJ8FPEFYZ5jIZAD15dpvg0/ONlNWJMdj0YABBmOonvHmqNTIXiEjU45yZJJGy7tekdIIBVh61K9qnKafeHqtGWktSvu2XNzjTePb520qhm0xMQj5dORT8G2r0qoYnh9KtFyitSrV4dSn6VP0X1/9HGtttiSIN5p1NH0OCMmB8+oeS1cFSryp13SnozDxuBtTzW1Nvze4jDcywHoWULIoJzGfU34uqtDiNNZVJasz+HpweV6XLi7LYXqXPzZZgHo6PPXKvf4HUJ6WZP8AZXCIppjHOheEhM0AVlVQWZnGvxeppERTq7MUcjLWhw3GYejN060tXtoc5xaFeSjOirW53JVhwGckgABlct15k9Cpnq8rUq6qjxNVVKjmti7SU40owqPXmbKCLM1XirkknrdGrxLClzOQ6+vp6qilDXQsQqu2pwTl6w/TLZsOtXYAj1dNbnCNKjiS1XmSkTLZGEyhHHccmHnU9qvQ+RMpWibBsKGkjLvYZ+w1LmsSxkR/BsPaOYsAdEgAb1Mh4TTmyxJXRPrFsxlUBmVNGYeO4aGQ0+LsPpT1OE7UYRodujLIn5j2hSyReeqOY7VYCkqPDIM0cHLz5ecfDRuIVFF5XdGZi8PGvB0589jnHJTgT21vtXDJlqTB1yKjIOhmcpKPR1L1r6Vc1+IpKVXDv5nAYLCPDOvGXwIByg+9OAfm7/VVLAe11vAdi/Z6XiXZ9yA7O0Ptwf6sSrcmYaPRgGoxRWdAB50ADOnWAGdNALVTrAFTQCzoALOkbASWpACJoHIbJpjYpVzloP753P8AuP1aKtOj3TJrr0zmW1H4Mfjr9l6lIYlytjsNEFnbRDyIIVPrIjXUflNxViVZq+rNymtLI2TtUDqx6r6kqi9hlzTXVgua+otmY7tUbqR6r6jlFlc+cLhwW/tJB/CIgPrKS9f0XStfCPSxl4pa3InWj8DOfU7pybt94wf73+2eucxj/MZv4Vflo37tWcy4jHc0g4Zc0wVDLGmDhpjTRUMsaQUaY00BDmmD0hkmmiCKBRLGmAZuzkCtcQq/QplQNn5tS1ZoRvUSI6mkWWOBrtI7GGKp4AoAKgDiPKViCyXb6epFEZPnZev6LNprk8bUUqlka2HTUdSNR1Q+Ba2ZWL3RH3ih/SVt+rXdavDu+Va+xQXks987H8uPsNWnxP2aRHgPXx8SwPJo4FttqT1CVScuk5Ad2dcbjLZsNz7x0lCLkqyTtsaPZrD5rlS9vDdzKG0s0cduQrZZ6Dnp4tNbMcJKauof/YzqlN0naVT/AOpP9jdmZlnUzQzxZLmonWJdRbozTd+jVSth3S1cbeJucLhd5lO/hYuByR2WSFsu0/R+Kg0LWba8rm7iXp0OjXzd3sqR7GZT3IftnHqQjzhh8dQ3NGmtCsuxk4F7cxtlxN0EnoDDv+VXo3BJXpNGlhvgdiwPZ4B8x0Z9YBz/ABcmrcc7ktWpZfE6DYYMpHTVdswqlZo2VvYqOjKkKrmw5bUdWVAsZs5/tlggB1Zdnpz+Ce0KmhKyN/C1cysVf5SsJUNcRx5HeLkgHpMOo/SrzDGxfl6yrmWMUl2bTIpsxhhS8s305HpiYeYjpXPL0dNdRxGN6ClY5rs7STLYbE5KGzIyIzOZ6PNnXCSdtXyNK1kdFwK0yhLDtT5JmOsJlm5H+74V/HrBoLtqrmQ1Xe0f3+/7G8s48+jqC5dXnroY6leZmkgd56+gDrqbYiMGXCnlOQ4Vz6T3n/TTMrbJO1UVZHDucPbaTb5HICVwB3sNDfs1qcJ1rNFlPNFG/wCTWMiNs+rMZefpC16ITtaG+mPX8dKiWJqer+k1IWlqiQ4ZLmBUbM6qrMzbmPMUmzIIOzOZbc4KCSfP3+urCd0a0HmRxXaSwORHepzHxdoVWmiGe7I94Mn3Px6QAajhDoT36BIzqPxVauP46/zcP4mNjqaVOTK7coPvTgH5u/1U3Ae11vA4/Gez0vEuv7kEejaD24P9WJVtzMRbHowDUQ5oPVSpjQ86UA86ACzoAGqgAs6ACzpo5ISWoCwktQFhJao5yypylsL8FzOT7c8oEr7yK2fdAB1EoALF8stYz1aQrdVeA8Z/HU/Lexo+ri7SOtw/CV2V5btFb5toJd44vHczZ8TyEuzZdC5sdTNpXs/Br37heOoYrDxqYeSkrbHAYmlUp1GpI02O4oJNKp0gdOeXWfVWnVrQpK8nZEEINuyV2dj2GxC9SAb65uWdjmA88rGNMslTpbh9LTXyv+MPxXUrYx08HL0Y9D03hXDlGleqtSQfd+f+Ol/9ST9quBfH8c/9R6m35FR5xAcdn/jpf/Uk/apPP2O/iMPI6Xuhfdub+Ol/9R/2qVcfxy/1GHkdLocY5SbCVLjeszujtrVmJYK56XTp7LauKvpn8D/iGnjsIqVSX5q3b5nnfGMFKjVzxWgzFtDGVzJyPo5EnOvUMy3vucxlJRyYYjdb15lkkSDpAjJJR2PmQ8PD3svlV45+N/xRTwCVPDSTq8zseC8PlVvKorRO2YZim8XPqI6GH949TVL+HuOR4nQv+pblrF4R4efwHnaupKAyzU0ckMu1NYoyzUxipDbGkFGiaa2PG2NAMQ1MBIRQKxDmgQQDSXCx3fk6x57i3DSA6kYpqPl6QOP2nPp+EDXXYKo5w1MatFKWhKq0CAFACXXMGkewIrztFhbQzSRs2plOeoHtauPP8bi6a42vHJNpm5TkpRMOOq9iRlYvdEfeKH9JW36td1q8O75Vr90oLyWe+dj+XH2GrT4n7NIiwHr4+JYDk4iztdtlHWZQASchmR3tXG4uVpYZt+8dDDN2dfI7S0IDY7Nzd0iD1CfSP6NNaXlltDn3Uxjd86+x2/kbwZo4uNtTMzNnrMgyJyXJj8Gqdat2mt7nd8HVXsr1Za/Iudye2uhEHmUE/NnVWG9y3iW+ZJLmTPP209lWCIvj5zRvY/1VWvqaVNFN9pbqWG+cogfNUk3ZJXeINQfdv5MqadQrruFYtYfvbD4Vuylfkdw5KOUGO5jXJs8ujNuhgR5DL5LrXa541EpRL1VKrHMjtWFT/VnUTMCrEyLq8CkGkIo02xPhoaiw7s2jU7QhSufqyNKkXsNeLOE7a7OQljIY9UhyAJ6QNPcE7PZpVhKcpdo46m26amtTlePwFGEkYyMciSIMsh0Hq9jLw1WxtFVKbijMxNN29EsTsrYaxFl1yNpyDZ5Jlmz/AEfJrxviVXsouK3ZDB6nR8VSTWFjKhYl0Zeds9Up9mfCPxKXA0clNdWV4yu3L9/v/s2WDo+njy+KtaCsMqTRvLWz7z0+o1IlcpORk3UwUevzd1DlYbCOZlXecNie+v7K2TpKamk6ega+hSa3eDUG25mrCL9E6BszBoXzZhejq6q7dlyS0Mu+cDp6ug0qHQNQkuYB8+dOLSVjaYLd91MZVqxJAZPmpu5n2I1tPbZrT4s0aDOLbZYeM9S5efKnTRYnFWbOeXcOnD8fHd9y3I9hLVw/HPX4fxMHH+qkVv5QvenAPzeT6qMB7XW8DisX6il4l1PchTw7Qe3B/qxGtuZjo9FgahTHCg1KNaD1UC2DzoCwWqgLA1UBYSWoESC1UDhOdMAImgDCxeUiKQjrCOQfWFasjisnDCVGtrFjDJOqlyK4YjjSxnLpZu8A5Ae1q+MnRlUnKT5t2+p67h8LKcUzQYpdxTfhYEfIdBJIYD1ONLV0nDuJYzh/s9Vr4Dq/BKNfWorsxsNhghOpLdAw6iS7kesM+rTV/HfiDieOg6datdfKxDR/DuGoPNBWZt/3Un0B89cj5LzvrzNLyBLW+gP3Un0B89NWCXJj/IV1B+6k+gPno8jXUTyFdQfupPoD56PI11DyFdRu5x4OpV41ZT1g9IPyStXMK6uFmp0ZNPkyKtwuFWOWWqNImF2oOrwZc+vIvIV+gW012E/xXxecOzdbT5IyV+GcInmsSG12jAyGjJQMgFPQB6lricRTqVpOpUleRqebYwjaGxNdkrgMSQegqD8xr0X8AucK1SD20OP41DKldakhdq92OSSGWamDhlmpoqQ27UwUaJpGwGmamjxBNAIQTTRwk0CMbY0CAprYp3nk+xlZrZCoClAI2AGQ1KB0j1MMm+OuvwVSM4aGLWi4y1JPWgQAoARI+QJ82ZpHsBXTF8QMsskh8tmPxE8IriqzzzbZtwSjEZjqMkZWL3RH3ih/SVt+rXdanD++Vq/dKC8lnvnY/lx9hq0+J+zSI8B6+Pid62FfKx25I6wxIz6fJrkcRFSqYVf/ANG+l+XXXyOFxYy4Hk9R8mur8lh7pyPksW7/APZcrkTw/K3ts+vQhIAyGbdNcviVaTR6nw2l2dCMS3GzUgVfiqrESt6TNgbjoP8A13UjEijQXjgqfWCPnqrc0oIrJyl4UouYj1cTLmD1ajmv9atOlLQhqRuzT3WAy2EwurfMZ9M0R6AzA93o6l6vhV0HDuIZJZWTU/QZYrk42/juolZD05AlT1/9aq7J6rMthK1FPVG/2oxjRE79e7BYgdeQ7VJHoQ0KfpGu2f2hWVAwy6ej2EUrRYqUrMfv5s1Iz/ppYq4QVmc12ofuBzI6T8VWoaGrTT5nNdpcP6GOR09JPR5NQVEtSCvFFgOReykitI57gcUECIAR055+KB9JuKFD+JXg3EnGvj2obIxqmkbdSeYdDlkSdRJ6SepszxH5VakNLWZHKyViWw247gMvZV6KMuUrC3YCi4JXI3j+OIiu7HJI1Z2Y9ACoM2NQxTqSSW7L1KmVl2fw9ryZr2ZSxuJTIAcxu4lOUSf+nXp+Ew6o0lE2YQsjrlm/T7On+5RVthIwdq7/AEJ7Bn8Qp0EJBGswm7V4wQQciD0HPoIpz1LNjY2N0A2VI0MmtCReHdAqJoo5DS7RXo0n6qkiixTVjle0i5/F0H/jT5ll7HOcXH73Y9n0fvZIP6WrhePevw/iYfEFakysvKF704B+byfVTcD7VW8DiMX7PS8S6XuRDdG0H42EfViNbdXcxkeigaoBRQagAaqW4B66LgFqouAC1FwCLUgCdVABF6S4DZekA120Vxpt5z5oZT80bGsXjD/yc/kXsHG9WPzRVB3JJJ6+kk+s18nS7z+bPeKccsV8jGmxBFOTMM+8dNTRoTlHMkTJMR91Y/SHzGnvCVeguRg+6sfpD5jR5LU6CZWD7qx+kPmNHktToGVg+6sfpD5jR5LU6BlYPurH6Q+Y0eS1OgZWD7qx+kPmNHktToGVg+6sfpD5jR5LU6BlZkRShhmDmO41WnBwk4yG2tYm3JrcHXIvwQR6jmor0H8G2WIlY4r8R01liyds1e0nnoy7U0BtmprHDTGmsBtmpo8bJoAbY00cgqAEsaBEIprBgpLiHa+Siz02invkd2Off06R/QorrOHU8tIyMTL0ia1qFYFABZUAcG27to0upVjACgrmB0AMVUvl8quQxkVGo0jYo3cdTSx1Tutid6lYvdEfeKH9JW36td1rcP75Wr90oLyWe+dj+XH2GrS4n7NIjwHr4+J3TY98sP28PmLEfRauWlFOvhE/+Ru3apV/Aq+uOSZdfd5hXqHk1K23I8/7eopb8y/PITiuuztnz6ooifborzXHQtWaPZuGzcsPGRZLZ3G8x1juFZi0RYlEkAxAHPr6R0fGKbyFUTR4jd6QPaAKgsW4nDeUPC3kuI+noEhYnLpyB6qvU36IySurkrvrdJIApHFlln3kDoyLVDF5ZXQ9HMNmsW+598AxKxTNwsDkEc9x+C/2q9D4Viu1jkY+EkvRZ3rEMTWSNwMyGRx6jqRhW9lsSxioyIPycY/pjKk9kk5/FxfZqNe6xZRzM3jbQNcSaLZGlfI5gHSiD+clPCv2qoYnH0sP6L3Ip1Y09zPi5M5H6bi5jXPo0RAsQPNrfi1fCVK52tx6q9ILL9yvLHN7GZDyX4Z2JRcNmOmQu+kH8bVwr8isuXFMRPvTv4FOeImyRTcnd1HEqWuIPJCrCQRTJHKejVoBn4ZNK56qxfJqabnFasr9rd3fIEG0k8JC3MBQDIGWIl4/a6Hxi/jUZHo1yLGeM9Sd4RjqOmpGDr1Zgg5HzdFTKZTlTuwXV/q/599MciSNOxyLlsxfVFHaKem5fKTLrEEfHKPltoWt7guF7SrneyNCjC7NJYuI1UDLPqAB7/8ATXo2hptciT2JyUf0moWiBka2pvtQPsYU+1h6RBeTrEjm6dw6cj6zRHUfE6Ck/QD8Xx08dYyF2jAU5kfPkQRTcpG4moxHH1Jyzzz6cqNgtYi2K3Q6fXnSMW5BtpMvubjhH+zJen426K4jj/r8P4mPxL1LKtcofvTgP5vJ9VRYH2qt4HC4v2el4l0PcjG4cf8AbhH1YjW3V3MZHoir1WFFB6cArXQANdAA1UlwE66LgFrpLgEXouAgvSDxJekuBqNqn+9bn8hN/ZtWJxl/5SfyL2B9fH5oqzXylU7z+bPeI7L5GuvMFDsW1dJy6MvMMq0KGL7OGWxMpjP7nR6Z+jUvnB75Re0B+50emfo0vnB+6J2jB+50emfo0ecH7odowfudHpn6NHnB+6HaMH7nR6Z+jR5wfuh2jB+50emfo0ecH7odowfudHpn6NHnB+6HaM2VpbaFC5kgZ9PtOdZlap2km2RvVky5OT41/wAn/iWu7/B9vKGcf+Il+Uieu9e1M83Gi1NY4aLU0BDNTR42xptxLiHai46wikHBE0DGNk0DkCmsGLtnAZSwzGpSR51B4hTotJpsZLVMsph8qFEMeWgqpXLoGkjoyruKVsqymDLfUyalEE50gAzpG0lqBX3aqUNczkdRlk6flVx+Js6jZtU1aFjXxmqpKVi90R94of0lbfq13Wtw7vlav3SgvJZ752P5cfYatPifs0iPAevj4nc9k/e7bz5X2a5eWlfCfzG7/p1/AqdGPqAzr1aOx53Ja6F5ubRiYbD7fv8AFAfGjsjCvOeKRca7PYeCyz4WNiwmAYkE05nrGWXsrDdkrGu07khu8bCkFSTmMjl6qiadtB8Frrqa3F8RJZAT5yB9mmKNtydtcjV3iKWJIz6f+uKpL2I1f5Gnxa/RF6829R6AacovcOTOa7cxLJC7SEAKpBOYGR61yb0tXFW5w6Uoz9EilJWvfwN9yS8ovhEEasykod2xz6yBwn5S16DCd9eRcpVFU1Q3h93oeVB6TgEHuzpk9yd76mbsLLea3hiureJA54nWR3YNx9MQ0LrX0mfirgeJwUKruYNa6k4WudGi2aSMiS5xO5ly6SqPHax+zRCrNp/Gesa65Ip2fM3dhiWFgjPoGYzlE8rNl59RZtVNTG5XyOr4RudKtBJrQgEHPWPiYVNcjSb3MyePUMmVXB7iKQctNiI4pswsbb2ANE3TqCZ5HPzr5VNepNGT5kNxzbi8iLBLUTZdTK2kMfOV8mmxpq+rLaaOLzbU3Zmea6tZyTmFCJqWNM88hkzdrtFq7rAYvDUY5Uy1SqqPI3WFbdQagzhly7nR1y+et2OKpTWjLHbJm5n5TIG6EdeojMGpFOPVDotEdu9ooyhzuIh155umeVOc49R8pIiuxuPxRzOTJGFZcgS6dPT+NTI1IrmMjOKJk+21sOjfoPlCnurHqiR1Imqba626c548j52FI6sOo3tYmDdbRwN0pNGfYwqPto9RvaRMKbaBT359Yzz6qRVovdidojT4nNnhmO9fvbKRn7WrjeOSi69Cz6mRxBp0WVk5QfenAPzd/qowPtVbwOJxfs9LxLm+5H9WP+3CPqxCtavujHiehwaq9x4oPSiNCg9LcSwNdFwsAvRcLBa6LhYIvSBcSWpLjhJamgIZqLganapvva4/ITfYasPjL/ylT5GjgPXx+ZV6vlWp3n8z3OHdXyNNiEMpc6dWnoyybIdS/CrXw9SiqaU9yzFxsY/g8/w/pf6qs9ph3oO9EHg8/wAP6X+qkz4cW8QeDz/D+l/qoz4cLxB4PP8AD+l/qoz4cLxB4PP8P6X+qjPhwvEHg8/w/pf6qM+HC8QeDz/D+l/qoz4cLxNzh6MEXVnn055nM9bVi4hxc24bEEtyZ8nh8a/5P/Gtdz+D/Xto478RP8pE7Zq9pPOENs1NuKNsaaxyQ2xpjEY27UgqQigkCJoGtiWNAJCaBwKYNYKF0G3SO88ndpIlpGsoIPEQD1hCc0Hq6DXYYKMo0kpGNWaciT1oEIVAEc27tHe1k0Mysg18Jy1Be0vR05ac6pYpN03YmotKWpwr/rOuQd2zZS0HY6UJblYvdEfeKH9JW36td1q8O75Wr90oLyWe+dj+XH2GrT4n7NIjwHr4+J3TY8fvdt569X2WrlZyUa2Ev/yOginKnXXyK27L7B3d7PDaWUElzcztphgiAZ3IGpjqOlUSJV1PNK6RKvGz16THGQOIlg5rUtByeYTHs/FucS2iwm3k3jyeC2cNxi1zEzhdce9jkt7TUrLxcb8Vc9i1DEzcoo6fBYmrgqeRslE3OjwdOrEsamI6njwbCYUPsWRpWy+XVJYHrTv4ll8Wk3rUt4GVa87PDGyU4hi6AdW8wbCZF+XoeJvovTZcOvtTt4guKyX+p9iS4ZyyWV5Iot8Uw6aTo0QXS3GEXTnLuluPCbBm8y75Px6qzwKitdC/R4xJva/2N1im0Mh1xyLJFJEwWS3kUJLEzIrqJFDMuh1ZJY5Fd4pF4leWs2dDs+8dLQxEK0brXqc/265VLezUGQh5sjoiU9Z8341LSjnlZbF/FU/JqXaVtH+lfvbxK/4fhuPY3iKrFC1xKCWjtoJM47eM98nZhiXT25rp01V3GClh4RyRWp5VjMRiZ1u1m7LoXM5K+Z/PZqJLrEIknmHTbQKZIEkUa9CXDMjTuq689OhfRrTh6D02L+H/ABB2G0bv5khi5t14mtvCYZSXYg7maJQh7A6GlVuHrape0u9jSh+Kds9P7kA2p5PZ7K5g8IeS3SY7szxvHu5DlnFHqdWVX80jaK5rjEIytOxbp8Tp4yV4qzJ1huzGEKAZ99M46SZ55ZMifg6lX+pXIuT5FzK+Z0LZfE8NLBNEZXMDICPoHk8IqJfEjkpLY6ZHLBEAIQgTq0qMlHyRw1LmRFGMnuPLdoe7L1g0qkh2RoDxqfKz9tGnUFmRocSwFDn3N5x0UzKWIyZEbzBWQnVpI8+QNN13JlK40dmEcdKIw7wQP76FKSFbtyMKTkvtH6WtLc/IGY+apO2n1YilYeTkpsv5Hb/HFGfrWl7afUHK4p+S2y/kNuR5tzEP8NHay6sbcZXkttB1WFsPbGhpe0l1YoUnJxCOq1tx6goH+Gkzy6sVSRrL7k8TrEMfsHRTu0fUkTRFsT2Phy4omHsOYp3aytoyREB282eihwvGXjzGvDplIJPQF1HoU9mqlacpYild9SjjfUsqNyh+9OAfm7/VXTYH2qt4HG4v2el4lyfck26Mf/Gwj6sQrVr7ox4noWHqrckaFBqcIHrpLgDXRcAa6LgFrouARekuIJL0g6wRkpLijZkpANXtO/3tcfkZv7NqxOMv/KVPkaGA9fH5lY6+WZ95/M9zj3V8jV32NFHK6c8sunPzjOtKjg1Ugm5Eyp6DH7oj6I+epnw9e8P7NA/dEfRHz0vm9e8HZoH7oj6I+ejzeveDs0D90R9EfPR5vXvB2aB+6I+iPno83r3g7NA/dEfRHz0eb17wdmgfuiPoj56PN694OzRtbG51qGyyzz6PYcqyK9Ps5tIiluS/k+/Cv+T/AMa13f4P0xDOO/EXqkTl2r2Y86G2akuCGy1NFYhjTREhLUD0IJoFuJZqBEJoHApgBGgaw1fIg/H81KnaVxGlYsbs/dvJDE8i6XZAxUd2fV7MxXb0G5QVzBnZS0NnVgaCgBm4k0qxyzyBOQ6Sch1UyewqK43coZ2YDIMzEDzAnNR8muKqNZjcjsCOmMc9ysXuiPvFD+krb9Wu61OHd8rV+6UF5LPfOx/Lj7DVpcU9ml++ZHgPXx8TvGwsOqx25UtpBYgsRmFGltRKjtafRrlK3rcJ/MdDSfo1n8jmXIhymR4TfSTxxNfW89nc4fewSN4NJNZXi7u6S3mj4rWbhRo5vJZOKu2hGL0Ofm5G7uub5gN2xbCNpYrEyEkWW0VrcWs0bHp3f3UskntrkDs75kTVVlWRSlFjT8yrGcxuL3Zy8B6mg2gsAGHnCTtAf6lOzDGmZdlzHsbz8dPs/ar3vPtBh4Qes7lp2/qUZhtmSa15t2CWo043tVh80alS1ls9DNiV1KM+KOO/uVEFu386sGqmuzHqDNfypc4K4urtocJspLa2W0w7DMPgkY3E8VrZRvHAblk1yXF5PvXbSrvpXy5axcXhoVWk9uh1/COKPAwm0rzdrSfLwOgcivMiu55FvMbnliLAHcKwa9cdeTtxR2KfTnX0Iqu0cAmtrRMfHcXnXqOUpXlz6Fv9l7ayw5FsrCGG3ThZo4gSW/nZp9LtO/C+ckrvpbeL4qtiFONNWijn51ZTeptvCJTKod44y0zRwyLKCQvloYJVaFm8l4W+S8VP2Qz5G9u7uQSlLYFGhBMgEQaNlcKm7Rn4fCE4GEflLw0g5Gl2zwCC8jWKfTI+pSLeREVLh0OiWS31cMVyvHFpZ9LSx+nUc4KasS06jg7o5fd8jc1oztDhdrfQkllJKC6jA6GidJH0s6Nw6e1XMYjhs814s67DcVouCVUwJcea2XJ8He1GoEg2jqpI7y0SsrfjVlS4fWT1RrRx+Ge0rEow3lqw9wFYxRuOg5OV6fWp01Wnhai5FmGIpvaRI7Xba3cAxzI+feGzqs6UlyLKmnzNlDtKp/hF+Mim5WSKz2Fz7QoOtx6smB+qlsxyiuhorzG1du89eRHUKW1hcj+RlwXqjLpPd0HopBcnibm3ugf+RBpt0ROL6GdGw/8AvmKli0MafMyI08x/pzpyI2FJafH5qXKCkYrwZ+cd3X301okTAsP1/wBNApDdqsP7Qy6OkjKnIli9jhPKcD9ysYB6MsPnHtyFVZ+0UvErY31EinHKD704B+bv9VdPgPaq3gcZi/Z6XiXH9yYPRj3twn6sQrXxL2MmB6Dhqp3JBQei4B66ULA10BYPXSXAItRcBOui4iC1U24olnpR1hDNSXCxrNoTnbzj+alH/wBNqxeLK+FmvgaGB0rx+ZWivlmp3pfM9yhsvkYdzNECdWjV0Z5jM9X4tWqcKzjeGxKkxrwiDzJ9H/TUvZ4jcW0geEQeZPo/6aMmID0geEQeZPo/6aMmIE9IHhEHmT6P+mjJiA9IHhEHmT6P+mjJiA9IHhEHmT6P+mjJiA9IHhEHmT6P+mjJiA9IzrZlKjTll05ZDIddUKmZSefca3YlewP4R/xP8a13/wCDletJs438RaUok3Y17IedoaY00GJJpBbCaaKJY0XC42zUWHCaS4oKS4ApACNA1jltMFZWIz0spIPeAc8qdB2lcRq6aLLWd0HRXXssqsPYwzFdzTd4pmBJWdh+pRAUAIYddMlsCK4Ygq7x9PZ1uF/Fz4a4qolmN2OwiOmMc9ysfuiPvFD+krb9Wu61OHd8rV+6UF5LB++Vj+XX7DVpcU9ml++ZHgPXx8Tu+w82mw26bINkWJU9TcLdBrlqvrcJ/MdDS7tZfIrdhMyB10t0HNdBGRGfT3120bbmFK+xId/xfVTyOxmwQoTmURvOCoOdOGWRmx2EXdFH7Qifs0CGxhIXpyGQ6cgPNSWFLd81HY2CzwyHEHgDX1+7zSXAQPcQ2ssjJZxjXxRRbtN6dxxMsmrxtW6UYrVq76lCtOTbjyOwX+JkyRxlmB3mW7jIIkC6dQOa6mZNSMVXiVZNXYqe9tytr8yR4Ng5DFRBkrdDAukY3jadWhU1K/5ZXTipXJIXXmbfCMKbQrTSM0ckgCpFGZwxy0ZTK6RMvEuos2viqJzY5RJJHHkodEKZS5ESvHuyrdDPujqbctHxeXpb8lUTmTKJuGhaVmVS8aroy8WHV9Ol/FOU4QvfveHVSZrDrJibm3UyM5dFGeh0k07oysuhmaFUaUa1dOFtcTdrXTc7QllsbCKwCnTArSsBk34Qxh1HUJTwrpXrjZNS0udsXL8Rg7Bx3BAurGyIYNrciOds8+ABXiRuJevU/DStJ7iKUlzIntzyNbN2ce/ntYrdnzVFtwVmncDsxQxsuv1twKvlPVeVOnziTxxFVbSOGvyPtcu8iHwSIEiOFbiSaRI2XgllZeF5mZuhfwUa1Tlh6L/SW44/ELaRzy22OvVjVxIZGAOuNTnLn1KdKcOhtPa+lVKWCpMvQ4viI7sxZL7E4hmYpAoOkAMjuHzyyKj+rVeXDo8maNLjrXeh9xScqV9C2h421DpKtwsB61ddP9eqkuHtbGhDjVGe6sS7AuWlj+FjI8zBeg/KDNVGeGnDc16WJo1e7Im+FcqELeUR7Tl9dVHFlvL0JBBtxH5z9f1UqbGOmjNg2vjbqcezVlS5mRukjKOKKe/o9RH91GYb2Y191gp6T39399PTGOJHtoceQk5dOXR1jLOpELE4nytXLNhmM5gZDD7ggjv6PSqrU9opeJWxvqJFMuUP3pwD83f6q6fA+1VvA47F+z0/EuH7k63Rj3twn6sQrUxL1RkwPQMSVTJrChJQFg9dJcLCtdFwsFrouJYLeUXCwRei4tgi9JcWwkvSAIZ6S4GDjCFopFHW0bgDzkowrN4hHPQmvgW8I8tWL+JWsivlapHLOV+r/qe6U3mimuhrbzBQ7FtXScujLzDKrlHGOnGyRYUxn9zo9M/Rqfzg1+kO0YP3Oj0z9Gjzj/xF7QH7nR6Z+jR5x/4h2gP3Oj0z9Gjzj/xDtAfudHpn6NHnH/iHaA/c6PTP0aPOP/EO0B+50emfo0ecf+IdobK0ttChcyQM+n2nOs2tU7WeZkTd2S/YFOOQ92lQfaTn/hr0P8G025zly0OK/EcrxiiZMa9cPP2JNICEaaBwRFNEuNtRYBOVFx1wZUlguDKksFxOVIKCgUXBBqYKOskAe0nKnQV5WGPRNllbG1CIiDqVVUfJGVd1TVo2MCTu7mRUggKAGp4tSsueWYIz82YyzqOa0FRXC7tyjMh6CrMD7VOVcZNNNpm5F+iCOox8isXuiPvFD+krb9Wu61eHd8q1+6UF5LffKx/OF+w1afE/ZpDMB6+Pidz2QP73bee1vstXJ1fW4T+b+p0VHu1vArGhzHryzB8xHStdXF2Mpkk32oBvOFP9FX1qinzMuzuD/wAKXkNa1NvBd0ohtIMHku3t7SHPe3k8NpGB16pXVGI/FVnb/d0gxs9MrDYsJkkWrRbRRQ28YzAeOCPQiBTws2ltQbX2qmU7blTLckDbPSssWjUhVlbLLpKRjhUsVWNlfsuvk07tbkeSxs7DCwWcuW1KAMyUAZjqKw7rtMi9rdr2m7NGYLGVhas0Jhcywq6lElij4kdBm0iO+/Vt6y6kjn4dO8Wi6HWJDZK2Rk0IkoVV3pCJq0htBkV9W6bUzv4jsrJUdxROEXqtxKVdy65yEymJgBu215eMVVbX4zQnFxMlIKG2HzyzsoyjZG1geNWM246Io4ZU1QszatR3qal/Eo+Yuhu32JiZ9ZebUVUKitnGrjT40qdW9m4eiRuzSpMQjW2PK4IVe2w5BeXaKQWZmeGNlOTbyX/zUy+VGr6V8p6HIQ5c+HzyTmSVJbi7lCiaaQiQovFqiVIW3cUOrsRK6LpqtKRIonR48H4AVd0KnMoAjouQUaNDKzIvDq7dRX6kltDkcUESS3MeWlYZ5QCWKjKQ73h0cWnj4fhVFmSYuUauZ4GeNwdZGZ3kutWB6lCPHojbV8Km5hyiay/W1YaJW1cROSZmQZHPgl8rtadLPTVMXKaPEdl7YyvpQZFOAmMs6EjPd6SyR6eHyvK4ddK31Q9K3zNfJsza6W4JAwCcKB2cAjrOX9K1XlThPRou08ZXpWyuxy/lH2lu8LnTd6ZLedNUJYujq6dE8TuO03EjDV5NZWIwyjsjosJxWcl+Zqai15y5XLewMR3kbt/2Gqr2Ca3NOPEYvSUbG8seclYHpaRoT39EqftLSeTyJVjqL5knw/l0s5MtN7Ec+gapB05/j6aXsZDvKKUtmFiXKHEAX3kZz6cxJFl7e1T+zlbYXtIJbkWx3apLnDcdCvq0YZITkQcgSw7qpV4OOIpX+JSxc4yoSsVf5QfenAPzd/qro8B7VW8Dj8X7PT8S33uUbcOPe3CfqxCtTFboy6R6Aq1ULkwoPRcA9dFwBvKLgDXS3AIvRcAtdNATqoAIvSXFsIL0gWGmkpkle6eqHJ2d0cx2w5NmZ2lt9PESWjJC5Me0UY8OlvRryLjv4UnUqOthtX0O/wCF8djCPZ1tiKHYi6/iW+dP2q4r/DfEPc+50vnjCe8JOxd1/Et86ftU3/DfEPc+47zxhPeCOx1z/Et86ftUf4cx/ufcPO+F94L9x9z/ABTfOn7VH+HMf7n3DzvhfeCOyNz/ABTfOn7VJ/h3Hfw/uHnfC+8D9yNz/FN86ftUf4dx38P7h53wvvCTspcfxTfOP2qP8O4/3PuHnfC+8F+5e4/i2+cftUn+Hsd7n3F874X3h232RnY5FNI7yxGQ+bU1WsP+GcbUlrG0SCpxzDQV4y1Jrg+ErCmlenvYnyj/AMK9d4VwyGApdmt+Z57jsbLFTzPYzGatkzbCKBQE00BsmgBLUrYCaY0AKcAKawBSAJoHio5CCCOgggg+Yjs05aa8xGrlhdk7t5LaF3ObMgJPn8x+MdNdphpOVNNmFVVpOxuatEQKACpGBwDbG3dbmYupQs7MM+oqTwkN5QrkMVFqo0zYpP0TVRmqiJ2Vj90R94of0lbfq13Wrw7vlav3SgvJb75WP5wv2GrT4n7NIZgPXx8TuOyZ/e7b34/stXKVfXYTx/qdFR7tbwKt203VXVtaGWSHC580y71JHxHpWrdN6FScbMyy/ohjkCx0gtpUdpzlq0qve3Zp9xpsMKjllkSKFHlkfILHGpeRifMi6mpUxGy6HNh5m2MSS2+Lu1tYy2jvuLLEI5n1u8TLv5vBpFa2liV9SR9r0qUrykWkbD8Vihu2SOwxC7slV2srCW6iknQjU24kuxIpm09lG4Gbg11G7pXQiak7M5BY8+m0YHe2F/EQSGGdtKyspydHTXEyujcJVk1Vm+XxTtI0vIW1eBv8L55WDsQTJPCegEzWcyhcuzm0e9Xh9KrCx1J8yu8FUXIl2C853ApCdGJ2iMwAIMjwkjLLIrIiLU6xNJ8yB4eouRPMJ21sJ1QR3NvKgHCi3cTj6Idmb5VSdonzGdk1yJJa2urJ99MxyADlQ5Ha1FJeLS76ulv6lLdPmI00PbU8oVpYW73N5OltbR5apZTkC+XCsaDilmfyYYk1N6FJKcYxvJgqcqjtFFbdo+eRYXh0LPNbWh4WjNreLc3CHtGWWJGWKJv5PE+pv4R6pPiFFqykWfIK+6Rpjy74PpSMXzrGjAjLD7qNgqjJAiouldK+T2ajeOo9RVga3Q2c/OJwtuiO8WMkaTMtvdROw+HEIm1evj/FqCWMo9SeOCrdDfWHOGwbSQ93Gzk5l1tblC2XUXXQ3HTHi6VtyRYOt0OCcsnKU0t802G4hcLBJDDrSEGNFmj1I5KyxamLrobVWXicS83oM1cNg1+tEEfb/Ef9oXvxsn7FVVi6vUt+R0uhiXPKFfICzYhdgdGZzj6fRz4OKlWKq9RvkdLoSPkrt8exuWWLDZ7yVoFV5WnkitoUVjkg38kbKztpdt2vFp4qvUI16zumVcVTo4WzqLcjG223uJ4feXNhcX90Lq1YJKIy7oSQr5xS7hN7FxfhFTTqqSp21N2Y/D4SOJWanG5ANp+Uee5AW5up5lVtaLMDpV8stacC6W08PbprnOWkh/kEqb0i19SHXWKJ6YHyiPrpVC25FKE1vF/Q1FziK9zqfjH9zVPFFaWZcn9DSXswPmPzGrKRC2+ZpLrL/rMVPFJciNtvmdj5tZ+8dq/0KnWSf4d/PWPxTSrQt1l/RFvD606t/gaXlB96cA/N3+qrWA9qreBSxfs9LxLee5UN0Y77cK+rEK0cW9UZdIv3vKoXLIoS0XAG8pbjbCt5RcLA3lJcLCTLRcLBGSgcEZKQBJegBJem3AZeSmtvqKMu9R35peIow8lNdhww71G7CjTSUzQeNl6NAEF6LfAA9dFvgBjO3T8dMaQ4bLVG7CjTGl23C75iCaTZfEFqJoHAJpolxsmgUKgBLUAFQAKABTWADSAJoHgoTs7iNXLCbG4gkttEY8slRUIHklVyKkV2uGmpQVjDqq0nc3lWyEFABUAcg5WcTV5o1UhjGh1ZdOTFurP1aa5jiE1KWhpYaDS1IMprJReKze6IH94of0lbfq11Wvw7vlSv3Sg3JZ752P5cfYatPifs0iPAevj4ncdlPe3b35X2a5Wp67Cfzf1Ojp92t4FTYJq6+xmdTa2d0Qcx7CB1n1ilhKy1GSjcs3zNrNNd9dSA8aCyAPRwONc5+VqRasRaexBKNjuey2xkOEwqbDdWoi1+OJ1TzKelGluCrSNcJqeJPg+RTiBxO08mF3c7vW8rqpVjJHrPGxdpNcjeTK2rS6r2vKelIspNti9tQcUD7nQ0ELB2UgyXCSaUh4F8kadQ8qlvyRG49TjfPk2Ss5IGxi3sri1uY5YEvJTEI4LqOZt1vJlH/mEZk0y6NTdhqyMdhoyjnW5p4HESjNQfdKeic+quasdHceE3n0/GM6TUVWEpaR556Yx6wiA/SobfIflT3NvhuKPF+CubiL8lcTR/1UfTSqrNbMZ2MHujY4rtHcXRiN1dXN1uFKQG4lkl3Ssc23evss3fJ2m9OmVK1SaWZ6D6dGnDWOgwG/G+b/i1Vd3psWdtxSr6j84pW9NAt1FpMB/zP/Cm20FXQdNz6x9JqSzHOyNdjGMrChd+nqAAzLMx7IGbU+MHJjH8CNxbRzTE6dEC9AUEb5/hOzaljX4Kr8qpZKMOVy7RwjqfqsaXaF5mkET3G8CaJPwehFchtIZEbjZdWri7NTQkmtI2HPDRhO2a5YzmRcscmEYmsFxLEcOxIx284VXDQ3LeKsroMW0qup9xJ8F9X8FV/A4vsqmRrco8Y4e69DtL3lHYsrz6NmY48PsrnsyQYhBE0oQFVilDRtHLP2oEdmRo/JZuFq1+JQvFGT+E8T2GNintzuVOurA9IPTl3EVzN2e/PFU2u6vojSX2Fr3qh9qIf8NSKTKU61B7xX0IpimDRd8UR/3afs1ZhJmVWeHlvFHH+Ui0WOaPQqoHjckKMgWVuvSPxq0qF3c864/GCnB011IRPLVxI5I7Tzam+8dq/wBDJ/bvWLxT1tD5y/6LuH9XU8P+zTcoPvTgH5u/1VawHtdbwKOL9RS8S2/uVr9GO+3CvqxCr+M5GdRL8bys25NYUHoCwNdFwD3lFwBvKW4BGSi4Ba6BAjJRcUSZKS4WEl6RsWwy71GKNNJTR5ju9NAZZqYxUNM9MHIbLUAxJam3AVnTgMd2pjHjZNMEG2agdYTSWFCJpBLCCaLBYKgULVQAmgAUACmAAmgcJJoFBQAKEneyEvY7pyc4FubZevVLlIwPdqHRkPZlXYYKnkpoxa880iWVoFcFACJGABPmH1U2WwqK239xrd39JnP0jnXD1W5SN2CshkGo1uOsVm90NP7xQ/pK2/V7qtjh/fKtfulCOSz3zsfy4+w1afE/ZpDMB6+Pidw2U97dvfj+zXK1PXYT+b+p0EH6NbwKjo1dnbQyb7mVbz5f8KjkupKmWH5FdtobeFFjljdX4pVMiJKkp7YKFtTLw8Ompo2S3RBJNnXl21LzI7q7xoFMKpkyh/KeRdS8a91PuMaOv4ByvRjJHGjMAaW4VIPmY8P9enXImjNvdo1EiXNrcpHOnQrM6KJE/ipOJtTL5LUt7EUo30IJzo+d3FJhdzgDRy/dO4NpHc5qgtkhLR3LTRypI/GyqmUfaVpOKquIaUMvMnoRbknyKyx3Q6Ojzd+dcu4nR3Hkuh5l+fppriPTMuKcer56Y0PRlx4h5j8QXOo3EkTOo8h3JPNjErlpPBrKAqLi5KhnLsM1t7ZDpVpmXiLNwxr2q0cFw94h3fdMrHcRWFiktZFpsH5uGzqQyxA7+aSN4xcT3Bd4nZMkliRNEcTo3F2HroFwvDqNspzc+KV282fwKxYBzc8dnjdhbRlopXgkRrmNJGdP4RE1ad068QbX/CVhy4TWWqR0EOM0G8rZjbZch2LWFsbu6tVECnKQxyCd4QezLNFHqZIW7O87K+VUFThtanHO0WKXE6FWeRM5+t8vwT3jKszK0ambQhO1WJpLLoPYToyz05ue0ej0asKDSuWaFuYqww+3621ZAEnTO6nIdPRxVE3NmulStf8A7NTZwq5zJk6zkRIdWXk5t5Tek1SNO2xVhaUr7E32K5NLjE7m3sLCSYXVxIuTySkw20MXjbi9ueHhhtVXe/CbdqvHU2EhKpUStsJjq1OjRcm/A9HuXbnAWWHxiGZBiNxPEYzZsqBLmJYxE8t6rq8cds8o3hXQ8urgWuprVVBWtc4zhHC62NrflvKk7t/v6FElx4ooXzZ5DMnSCc1QMeJlTshm4tNc+6B7lGgoRScjU3+0p9dOVArVIx6kZxDaKplRMurzszlvKXiOtoD5t4PnCn/DVujFq5xnGldRd+pCd27EBUYk9QCnp9lW1E5U71zc8JkjsNqTIpXVgy5ZkZ9EznurA4r66gvjL/ovYdfl1PD/ALI9yg+9OAfm7/VVnAe1VvAoYv1FLxLZ+5Ztw477cK+rEKv43kZ1HYvrvKyiwHrpbgAPRcAa6LgDXS3AGui4AL0lwE7yjcBJekuAlnpGwG3emjxl5KYAw70244aZ6YOQyzU24qEl6LgwlpBLCmanJhYxiaYxRtmptx9hJNJcBJekEuNl6WwoWdFwCpoAJpoBFqB9gqAsDOgQFAoWdJcAUXAOnLfQG9CxWzLubeEyDJzGuofF0f0V2uHuqauYFRekzbVaIwUAM3EGpWXMjUCMx1jMZZio5q6FRXfaDCDBK8RYMVPaB6CD0r+K1cZWp5JtG7Tnmia9DVa/IkaKze6Fn94of0lbfq91Wxw7vlPEd0oXyWe+dj+XH2GrU4n7NIjwHr4+J3fYe0Mljt1GCAZG0AsclUsMs2byR52rksRNQqYWTW1/6nR0VmjXj8isO3mwkuHPGk8tvJvEMgMEqSgKvXr0M2n4NdbhcXHERdlaxk1afZvVl2+bBzA4Wggvsciaa4nRJ4cLJdIbaFwHgkxHRpkluZV8aLTWiwq/jOPxNY2IxlWtPs6Gy5/26L5avrZ2CCS9KZYzaDYjZfD2S1uLayWTVErx2uH+EGyWWRIYpb+e2idbCFpJUi1XUyN4yPgqOPDJy9Jt3+Y/zhyS0I5yv80jwOOW4wuLjiDPJZk9EgXpbcv2dfD2WqxCpWwzSqO8RyqU62nMojjnOeYuq+AMN3ON9HNIMyELK6lF0+OXu1cNdDGcZJNcylNNacyc4xzsrC2XLD7MXE7KCJHTdxRsRwhyV3jMvesX06c5JCZbnEbC5lnmlu7qRpJ55Glkdut3c8Ry8kL2QvkrWViKmY0aFPKtSSxXnr+cVnuBeuZkd8f+sqjcRykPJiJ/6FJkHKWqZ0nkP5O/utdPHJI8VtBHvJ5EA1ktwRRR56l1u3EWbsrHVvC4btXqU8ViXRiki1OwmxyWVn9z5JFngilkkhaMSW8jiQ63e7VHZZZtXCGi4dNdVhqaoxyo4vG1HWqZmjYzbE2xGqJpYj1ZpJry9qPVtzsUewbV0PbMbXthybp0JUFyZkOccpY55vnxROvotTJRzIWlJ0ndoktjyxwzgrmvSMiG41IPQw6eFlbssrcNNjStoTTxKlyKd85PY22w+8jazSZIbxHmaMRnwS2cNk0dvdDs624vB2/B+S+iuZ4hg1CWaCOr4bjJVY5ZFcsZ2IZ5GdJQuokkMMyCfheUtUadaKWxrSjNvRmsOwkw6pY+j1VKqsOhHlqdRm42OuACQyHvyGedOVSD5CNVFzLNcknKTb7P7OQXscazX15M6TRpKiXEjGZwsQY6pEhtlRGMbcKtxVr08sI3MmrKpUdmV1292zvr68mvXV42mKnQLiR9CoMkXUdPCvo9larupBu7NTDYqrQjaBoGx67Hp/FKaFkL/nfEftjD7R3HeH/9R6elAY+K1+n3MeXaObzN9MmnWRG+J1RuyuGmliDqzqrhnUN06AeM/ir306KRSrYiVTvM6dd4oAzdRaRtMaqM8xlwhV8mnzmoxzSehXim9jp3Jrs/dQ4ftI9xC8SS4NlEXGQcrKxbR6Wla5HiOMp1sRRVP4mpSpuNKdzl3KF704B+byfVWngPaq3gZWL9RS8S1/uXDdGOe3C/qvqu457GfQ2L3h6yrlmwoPRcLB7yi4WD1UXCwNVFwsFrouFgF6S6YlhOujmKEXo+DFEF6aA270fMVIbZ6ZfkLYaZqa3bkKMs9Nay7ioaJpu44STSMQUtFxOYTNStW1QW1MYmmPXYfYSTTb9RRtzR8BNxBNAbBUmrHfEJqaC2CzoW+o8FIIClAI0AFnQAM6ACoAPOgAqRPUTkWJ2Q1+Cwbwktu1zz6+rhz9enKu2w1+zVzBq95m6q2RgpGAVDA4NyjYWIbqQDPJ8pPpdr+tXH46nkqN3NnDvNAjKGqPxLWxWf3Qo/vFD+kbb9Xuq1uHd8pYjYoZyWe+dj+XX7LVq8S9mkR4D18fEsDyZqDbbagqXBmQFAM2cHyQvlFu5a43G3bw1nZ+kdLQSarX+Bk8mOEYJdYxhOGyYJcRvPiFuZJ7jepEoj13CxlTwsZ2g0CPyl3lJGOIjTlVVRJdObvoV684d2x6YbBLvA0r5F5GaRj8Jzm3/Kt7h9JZPiZOIkk8qK+cv+zMFnf4wtqhgTEcKwnEb6NJJNzcX42stLfw57cuYluWi4WkjRNXlV0kdY6GS9y4mNW4JY5DMMev21TrQjJarcmpTatY8POfLshb2G1OJxRgLG7Rz6egBTKmpj8dUcC2qWTdXZuStK0uZxO1u4+4r58gQauSVhsbG4s8cB6AwPmAI/uqCULFhS0M9MeXq1r5iNQ6PbUTgOzGVBj655alz82rp+jTHAVSMhMeX0083aB6aZkRIpcixHNT2n0JiGRHTJbA5HLLKOQ1rYKKSepjY6esbnd5drQcjn6jn5q1YtJ6sxqiUtTIsNqcj193T0+aibT1uFGLT0Mm42tQAlnUdBzJIHQPTz8n8akjL4klWCtsRXCcYS5uN9EojgjDKXA0+ESHvCegvpVO6lluZ0aDlIl1xtCgVlkKbgq29EhQRFMspd7q4VCr1s1Q5lJNOxZdOVOScGefl3j0G9nFvLrt1nmWB2IBeFZGER+j1fBrmK1NKTSOvo1G4JsbOOqOtx6+kVBkRNmCOPL6Y8+QIzoVMXOa2fE4y2saS/T09Bbp7X/OpkmlZsgbvK9jX3WND0x84/aqRRQ1s1lxig9JenqJIqZIjZgTYmvpL5+sVMokbMSS8B6iD7MjT1EQ2+xNyolckg8BUDMZ8R4qmjYT5ks2da3a4PhE2hAAFIz0IvnkZNTLxeVWXjpVLehqiemlfUsNsnYWSYXtB4NNNJKcKberIXMax62MTRa/Sb+rXF5qjxFLOrK7NW67KdvgcS5QfenAfzd/qrrsD7VW8DCxfqKXiWs9y8boxv24V9V9VrH8jPobF69VZVy3YMPRcLBiSi4gN5RcAxJRcAy9FwC1UXAgnLLt/d4dZ7+xw2bE7hpY4Ut4Dlo3mrx0zBXZYU09OlP4vVuk8dT6cVJ6iXODWHOi2hw65tE2jwaC1tL64SCG4tZQWhZ++VBc3mvTqRirbltO8Zd7VvsISi8j2Gt6k45wnOXfC7i2wzDrT7oYveDOGAE6IkYsEkm08TamV23etNMUcjM8SVDSo5lnlyFbItsHzncVgxK2wraXDYcPmvei0uLeQNA7k6Eifx90rM7cOpbnUrSRqyeNp06EXHNAVSLMFqoctSQ49ziOcNFgUMAWB7y+vHMdpaRkhnYFQ0jMFdtCs6KFVHaRpI1Wp6FF1G77DWzlVjzo8cw24thtLhMFnZ3kixR3Vs4ygY99wvhN4vDq1FWeFlXeNolqd4eEl6D1G3Jdy385OezvYcIwezGI4rMu8MZYiGBGTWhlyZNTMvjWXfQqsXEz1FToLLnm9Bzka/kt5yGIfdKPB9ocPjw+9njMlrJA2q3m7ZWP8AC3KqzKjqrLcvqlj0+KelqUFlzwegikN8pfOZxBsSlwfZ3D0xC8tgTdSzNpt4WUrrj/C2y8GrSZGuU8bwrvaWnh0o5qj0BvU3PIfziLi9u7jCcWsxh+LWyCQxodUM0eSF3izZ9LLrRgu+mVouJXqOrQUY54PQfF6nbWas+5Jcrtyxc47ELDG7XCbHDo7/AH1qbhozKY55Mt+7LC58WmiO2duJHaTsrWhSw0ZU8zZDKRMOTHnIYfikrWo31nfpnrsb2PcXAI6WCKdSvpXi0q+rTxMlRToSirkkZamu5WeW2fD8XwXDooYpIsSlZJ3cya0TeJGpi0Mqqys+os2vUvD4qkpUVOEmEpamp5ROcjJFjFnguFwR3ty8yC+LF93bw9cqBkZdMyR+Ndm1rH2dEr0scL6DnITPyNriHLZOu08GBiGI20lm87zHeb5XCyyLlk27WLxWkro1apNWuiNBdnnQ7N6VjUWHOQkvNoEwnDYEubWASnELwl8kKDL73YNp0JJoiLMj7xpOHg8dTnh1GnnluNz+kd4rO3J+YWdABE0AFQAKABQARNNAImhPW4NXRY3ZXExNbxSDozQAjzFeFh84rt8NNSpqxg1Y5ZM3FWyIFABUAcD5RcZ311IR2Y/FL7EPF9JtdcbjqinVZtYeFoEZU1n/ADLRWn3Qn3ih/SNv+r3dbHDu+U8RsUN5LPfOx/Lr9lq1uJezSI8D6+PiWn5sSA3e0QOWRxWxBB6iDKtcVxH/AON8pHR0dqz+Reza2zSOWKQorbm4SRcwCV0lg2hj2Sqs+Xo1lVE7DV6SNhsvigt3MeYKdcbdzxt0o4+T111fDsSpQMnEUm9TiPLtf3d3f4qVwzEgI8NscPsXisrq7ixF7fF4sZe4W4tIZY7S3fdeCJvNcut9bJ4o11UKkXHcx5Ql0LMycoamxjvbuJ7DVbpc3NvOVM1oSNT28xj1KZkbh0r2m4az8XiY04PUsUKTk0irF1sPaX8zX19ZQS3M08t0u/hjkeAS9EUWplbsRKilX1qrbyuLjVlrZ7nTNZEkZWMclGG3GnfWFnJoA0hrWHhyOa5aEXhVvJp8ZOPdbGXT1E4vyOYbcqqT2FnKirpVTbQqFXPPJGjVGVfxafBzi7xbBzT0Mq25LLNIjBHZ2qwlRGYxbQhGQDJUfg1Ov43FQ4SbzXdw7RDcnInYSRiFrG0MQ6o/BoQvVl2git2aljCSeYa6qNpHyIWRjMXgltu260FvDpPt4P61OjSlcY65lYXyKWcKhIbaGJV6AscaoPjyXU3yqsdnLqyN1bmX/wDCuDPPdqSOo5dVOy1EtGyPtE+QS8ltv1CNfmpyVRPcS8R+Tk1hYFWjQhgAQUQggdkHhpvZy6sfnj0FwclcIUKI0CgZBQAAqnuFSKNTqxuePQcu+SG3kRkkhjkR10vHIiOjp6LI2pWWnZJ23YZ0a655C7AksbGz1HIE+C246hkvUno0zsGyRV7DEHIxZpkEs7VQAwAFtD0Buhh0p5VRPDtj+3Me65C8PaPdmxtNOZbLwaEDWe/oj7VOjQaGuua2XkXtUYMltbqQNIKwQqQPMGEdNdB9RVWMBuRu2AYeDW/FmWG4hyYnz+L4qZ2D6ju2NZDyFWSMXSztVc9BYW8WeXm7FSZZCdoJTkYtoyxS2tkLdZW3hBb28HZolTb5jlURGcU5uGGytrlw+0cjPp3Cr1/Bj0q1PjKpDSLEbTNff83/AAzIKcNsyB1ZQKpHyk0tUUqtSOqY/LFmds1sHZ2txCsdpbosuuOQCGPJ0UK6pJmra1VuLiqs5Tk/SY+yS0Jbzj8DhhwbEGiijjZrC5UsihWZFjzVSw7Sq3UtV6iSxFLxFpP8qoUD5QvenAPzeT6q6fAe11vAycX7PT8S1HuYLcON+3C/qvqtcQ/SUKHMvTrrHuWrB66LhYGui4ag3lFw1D10oXBvKYOAZKUDFxHWY3ETKshRxGzgsiuU4C6jTqVW7S0sWIzzt5X8CxyxxLCZ9rbo3+Gi8Qh7ORFgR10u2cAtrbSyquoruUaSKORVetinKLi1T3IndbnXOTwh+UXGDLkxjw5Tb5nPRnDhgXd+jqhlm7P8ZJUE9KK10FitTK5+0YJ2f0/+I+6iiI9GoA7rXk35RYc6Zhb2kmLJFrNVZr3aJrFROU8B+ULA0m4o1sWeNW7IkEeIsjhfPvkTi9KOOtKm2qLsRPfQknP9RDs8+sDMXdoY8x1PmwbL4W7Z6hwfe1FqLTUgXNIgz2jxp7garpLOzVS3S4QpEHy+CypDU2JfoK22o2mr3RtueEn7+bIbvolN+Rmva0+G4fo+TqZ6bhO5JvYWelkZHMUhUtj8jgeEtibiZj29IMrqC3o7xpqbjHdJchYGLyjr/wDiFg276/ucxlI7/FYnq1/7vRSr2djeZatjWSttCwlqVU26P/4g4N+jZv1bFa1Ir/LtkbXpkl55ewsEmFyYkuUF9hphntrpOCUeORN0XGlmVtepPRl3emoMLN5sj2CotLlcuctyqXTrsziakR3Zw57jeBQQszFUaVEfUq8S71PRrTw9NJyjyI5t2LF8zvkysbawGIQ3C313fAvc3gLEqxOt7VN5pkXRJ+EaXxskvE38DWbjKkrqLWhLTirXRXbnjbWXFrtJI1vN4O72EFsZgDqjjmDCUhkV5E4W0lok1aezWjhIp0tSGbakW25uPJbYYZhsIsZEufCFSaW9XL76cjhYZatESatKQ+T5XHvqx8TVlOVnoWYRSR1ImqfwJAqLgCi4ApoBE0AEWoALOgcAmh9Bp3DklsmW0Uknxju4B7l7Iy9unV8dddw+LVIx8S7yJqK1SoHQAVIwK+bfXSPdzGMcOrL2sBlIflNXFY1xdV5TboK0NSPIapLUsblafdB/eKH9I236vd1s8O75UxGxQ/ks987H8uv2WrW4l7NIiwPr4+Jajmvf+M2i/Stj/brXE8R/+N/MdJR7tbwL7bZdvp/jOr6VUZrWwynomRp2YcI6s81BGekntZej+LUcc0HeI+ye4BtLdx9CJC3mLSSqPjUK1aax9ZKzRD5NTerZHsYhnuWVruXehGDxwRgpbpIOzIVOpp5V8lpez5KVWnOdR+kSxUIK0RcFqc8/rp8I63QyUupsorSraTIWzYQWdWIwIZMz4LCplCxHc2tphg81TqKInI2kWHjzVZUERtmSmGU9RI3INsJHmoyWFU0EuDjzU5U7C5h5MHHmpciG5h1cKHmp+QMwpsOpMomYafD6MqFuY0lh6qblsOUjEmsKTKLmMGbD6a4jrmFLhlMyjkxtcJHmoUQzGvvsMqNpD1Ij95Z1G4rkTqRG8StO+qziTxZEcVTK5s/XJN/ZrULWo/kbfnP+8l7+ZXf9lVWt7RS8R9LWlUPPXlB96cA/N3+qulwPtVbwMrF+z0/EtL7mI3Rjftwv6r6p+IfpKGH5l59QrHLYWqgBWdAWYM6AswtVFxAwaS46weqhaiWOU84TYrFry3t2wa/NndW06z6Gd0hulAy3UzIralXtCOVHibyqs0ZQXeBo4ZivJXtVtLLaQ7QQWWHYdazrPIkDxvJcsoZehYrm842Vni1M8KqskjaJatqpThrB6siab3Jty8ciOJ/dO3x/AGh8PhiME9rMQiXUaowQaiyRszK26Kyun4ONleJ4qho1Y5cs9hzVnoR/ZPkdx/GMWssV2kS1tYcNOu2sbdkcGYFXWTglulUNIiSuzXLs27jXRTpVIQTUAsWqJrL33JThHOV5DbrEJLHEsLmSDFMNfOEyHSk0ZdX3TvpbTpbsqyaWWSRW/C1coVlH0ZbDHFvVHM77kn2o2juLNNoYbPD8OtJlmkgt3jd7plGXZjubzjZWeLU0yLGskjKlWO0pUk3DcaouT1JPyuciuLW2L/d/Z0W73EkIgu7KchEuFAVVIZ2ij0ssUOa76FtUEbK9RwrwlHJUHONtUY/JryNY3f4xBjm0W4gazRks7C3YOiP4wa30STxqq697q300rNu9W63VFStCMclMak27mHtRyQY/g2K3uJbNx2t1DiRD3NjcFECTZs7SDXLaqyLI8zJpuU07yRdGinRqwqRyz3Ea6G75C+RPExiNzj2OyR+HzxCGG2hIdLWMhQw1BmjVlVd0Fid1/CMzyvLUVetDLkpjoxsywVZrJ7lZuXPkfxo43bY/g4tJ5ba2EK21wxRmYpPG/W0Ubo8dy/8A5mFlatChWp9m4SIpRd7kex3kz2s2j3VtjPgmFYesgeeK1ZHkn0aShCpPeaj6G9mRVbiZJd1DUiq0aWsNxtm9Da8rnI9I+PbOLDYtLhlvA1rIBHrt4o4w/i7jPUqK0ehRvfwjcPbopV/y5N7iuOtjX3fN9xrAb1rrZmRJrSdlM2HXMoVF6fSldFeJFbokWZJ1Xh8bR5RCorVQySi7ozNouR6S92umkvLFpsOnwvQ8pV2t9Yijj0Cfh0TLJxJp0Sr2lpka/Z0vRYri3K7E7CcjGPYBiCRYZLHeYLPcIZobiRFktY3Pj5NJZG3qL1Na6954vVDSzrU6sfS0kCi0y0dZTdtCwCmAEWoALOgWwRNAWEk0CAoAFC03C52rkdnkNswYcAc7snvB7fxBs66vhrk6euxj4m2YnorYKgdABCgDhHKisIum3XXlnKB0ASd+X9/wq4/H5e0eU2MPmcNSHo1Za+JbtYrX7oMf3jh/SNt+r3VbPDfWFTEbFEOS33ysfzhfsNWtxP2aRFgPXx8S0vNiP33tH+lrD+2WuLx//wAb+Y6Kl3a3gX62xXOTIfxn97VVnHUjpvQ1xgFOURdyO7S4qySW9rbrE93dR30luLh2SBjZxRyOkjx+M1O0qLw/g13krcEVW4UkyGU3E5fsby7i8kwJWhht48bs8TcMTcGSzxTCzIL3DpYu+DgfdzfhZNw+lKuzwVlNrla3yfP4cvqV/KLpC+Svl1gvbeV75rOyuoFmlms4HuZjDbR3hw5JpHlTxr3V0qJDFBrl4410a6kqYXK/R2/f9BY1r3uTHZvlhwi6kght8QhlluWhSCJVuFd2mhluIF0yRLoMsUEzDe6NWiRe3Uiw8lG411U3YlU211lGbgPcKDaMsVzksj7qZ9G6tSsSuzXc+/h3dsqb2feeLSWpI0nLUilVS0GYOWDBxHHMcQiEMsD3CSNHcqhjSCW7dXzi1RXK20M1z4NLouWjgdlSrMcO2QuqkEOXvClkRlxCx8BVL0XV1I91G0U9s9jGiW6bjdXMOrE7bfz77THv49O88dU0KLIpVLEvXldwdYI7k38W4llkhSQJOSZIr1cOm1RbrXFEl66WbSyoke8kjXXUqosidQnONzw2sZkuHWJAyRgkFmeSR9EUMUUatJLM7cKRxI7NUipjXUOd7Qc5PAbaHfm+36+AnEUS2guZXktcom1JlFoWXTc20pgldJFinRmTRT+yG5ycbYbVWWHJvb2YW8YiknZ2SVhHDEYhcXE27Rt1DA08KySS6FVnjoVIV1Atttt8Pw3R4ddR25kAZQVkdihlit96UiV2WHfXEMG9bxe8njXX005UhvaERuuWe3GL/c9TCLWG0kuLy+cykb/7ofcqDD7KNFK3F0L3xUnb4vFRpr6BKqInaET2C5yqXCxz3kMFvDdLZNa21tJcXGKK2IY1cYLhyXdruVgETzW2b3Ec+lZSYtHVLcNdITtCaW3K9YxxGS/urK3Jvry0QwSXM0arb4j9zY5LqR4Izav4TotpmlRIIrmTdLNJTXSHKoDDOWXBblZXt8QhnWFbMybtZ2IN7LLb2EcabpWlmuJ7aaBIYtcu8SRWSOo5UWP7Q0mxPK1BiNxiRgMX3Mw63sJvDyZS9z4XZnEDMkWSiK0t4BpOqPftLHJwaMs0dJju1Ma25d8Clt5bqLE4ZIIMjKyR3RdUNt4bvhb7jfvbraa7ozxQvEsUcja/FVE6LHdqa685dcKtzdG+v7G3jhuLiO2eOS5mM1tb2tndSzzKINKTLHf20u7g30W4njlV/wANSOkxVUNrhnKlYTyPDHJJvkvb6wELRSLJNNh8kUV/JbxadUttBJcwq8y8K69TcFMdNokU0yKY9ynhMTnsNMSQ2dtYz3c8q3TSyviDSrZ2uGpCjRS3DMiLu5XeWRpPFp4qaonTbSJFNJmnh5ZMJnkgigv4ZZbprdbeNFnLSNcCc24/B+KY+C3KtvdG6aCRW3T1BKnKOpYhNM2d5EKpyLaINtNFlcWP5S4/slqFkqMvnQD95L38xu/7Kqlb19HxCi/yqh558oPvTgH5u/1V0mB9qreBm4v2en4lo/cyOrGvbhf1X1TcR/T4lDDrcvFnWIy5YUKcFg86W4gM6LgHqouFwUXC4WdIOCoAGdIFkJLUoWQktQACaYOTCoFCJpthLiaLDQiaWwBUoo1NUbBDDUg4SabYckJzpABQKJJpLAFSgCgAU0BFDYAJpAC1UAFQAKS4AouAkvRuNLJbIWO7toE80a5+0jUf6TXc4WOWmjCqu8mbcVbIw6ACFIwK67dWQju51UgjWWzzzy18bA+tdWmuJxkbVXY3aDbgR9TVG5OVt90E944f0lb/AKvd1tcN9YU8R3SiPJZ752P5cfYatbifs0iPA+vj4lpObKfvraP9K2H6wlcZj98N/MdBS7tbwL97Vv435bf4qbNEFN6GseSmpDzCxKwjlCiWOOQIwdQ6htDgZa42PYbS2ltPaXharEU7Eb+Jy3FOb1aS+GkO6G5xq0x1DGMjZ3UJXwiO2YNwR3rNc77T/Kv5qr6xMlb4Kz/6+mlvkuhXdFOwWIc3KxlLss11CzLNoaJogYZpcb+7y3MSmNl1wXfikRvFtbcLVJGu09f3+/8A3uNlSVtCXx8kMD3aX7zTm5F1hV2zAQpG74VY3Vhax7hI1WKF4b6Znji7LbvTUqqaWIezSdx7avkBtL67W/M9xbX8c1tPa3lqtus0Els0TQpLmjR4nbo0WmOG/SbcLPIkb6Kt06rjoRTpp6m4xzkEtLuS8a4numS+YT3EOcSr90RhkmD/AHUicJvIrjwKTTuPwG9SOXRU6qsidM222vILZYlFZwTyXKQ2djJhyJC0Q3ltI+HyZSs6N4xWwu24l7SvIjU+NRjJJHN+U7m4tJiCi0XEXNy6XDSlgMOLXG137oMRgxF0Vd3Hhi76Wzjbina6jXxu6q5GaaKzR1Lll2GnmscISebFL6eyxaG7kvcLjit7/OO2voxKLSHgCXC3CYfJu9CxrPv/ABW6p0XqNaNFybczyKLBZcOu7i5iGJ2FnHiNrbtC0UF/Fb20Vxc2FxJHJJGzNaw64dbwNJHr0U7MJY6pyr8kjYt4IrX9xbw20plltkhsZ7e9cNGYWu4LuCZZGtimuJfwSyvqZJGihIFIVo1XKtzaLLF7yK+nuL6CaO1jtSttMqQyrBiEGKWb3MUkb79ra7ttQR+FtcmpKXMJYii8yPDFZmS9xdCZ0njYXSa7UxY3JjlvFZuYTuYorie5h8tmin1M5eKGUFxLGwwXme4dbrbpFc36raxYfDBnJAzBcOx19oLBmd4W1yLcyvA7P+Fg7XH42hsVIyLvmr2DzyzPNdOLl77wuEtFurm2vcVbGXspNKakigvpHeKWJ0l3E8kTPL10jY5I1M3NEw4Laql3iUJszYNBJDPFFKJLG8xO8SQypFwtcNjd/BNwfg3j07p4t7TMwtjK2G5A7bBbXEI7J7qc3djFbrHOYz/4KwlsbIQmONG1yxskTs78TJqpucdY55ydc2CJbDCZbyW8hxiDDLWzu5Q1trS3GFrhl1g+6VGg8GiiZ9E8WuTf+P1y1FKox8YG2xjmu4bIs4D3cUM0V/bxxxtHotUvsIscFnFuzxszMlphltu9676W3mrglqN1GSqAziXIDZOTvJJ5AcUnxddW4WSC9nlgneSxvFjSex0yW/S0T+Mjkkik3qVD2pLGnsRrFtjGxDEsSu5FubRFl2ekw+cxiKQYhg73kzXlvby6lns1a63HjU3VyskmmonUskSqne4ey3JnaYfJPJbBw1xFBFLrIcHdTXVy8o4V0y3E99cyyeTxxqtVKlVtFmFJI3Mq1SuWEQzbCHKew9ctx/YrTSVB86MfvHe/mV3/AGVVa/r6PiFL1VQ88eUP3pwD83f6q6HA+11vAzcX7PT8S0HuZXVjXtwv6r6peIvulPDcy8VYpbDzpUAM6W4A1UXAGqi47QGqi4aA1UCWBnShYKkCwM6bcLApLitBFqLjRJalFCLUtgsETRcWwKbcLApoozO1IxEY7NTLjkhJNIOCzoALOgAqaAKW4BE0gCWakATqoAFI2AKLgETRcBJakALVQAmi463I75yX400tqqsrAxAJqIOlwOyVY9eWWk+z112WAqZ6SuYeIjlkTEVplYOgAhQBXvlHw1YrqVVbUGIkOZzIZ+llPs664rHRUarsbeHleGpFkasxaFuxW/3QP3jh/SNt+r3dbvDH+YUcT3SiXJb75WP5wv2GrW4m15NJ/IjwC/zCRaHm1yDwnaX4GI2czgAu6xRyrJLJukzkZUVH7KVxfEHlWGm9vSudFQ17ZLfSxfHaK/SRo5Y3WSOXKSKRCHSSNxrSSNxwsjr1MtS1FayZSptbfREH5UtvFwyxlvGCkJJbRAyFhDG11cpbLcXTR+MW0gaXeyMvFp4KdSp5pWJKksqOYYpzk57a5t7K5trM3Smw8OS1mnmV0vLW9vd7hExGiSOCO0httU7vvL663S/gq01hUldP9/vkUnXd9iLbScuF8s1riJGG3NouEJidvFaXd54PGt5ieFWMkl/6eKWa3z2yR6/BvwkrJE9TRoxScX/75/t//pF2snZnetqtrGtcTw+wWITJex405YE+EhsMtoriJbeLUsL+Eb3Sd6/DVWFNOLfQszm4tI0m2HKzfWsFpILC2sJLvEPAl+7F7GIY0Njc3a3cr4a0u7RWtd00LPvW18NWqdNdSvOfwI1NzkLq6sZW+54t95ZYpFeWjT3UGKWMsOzTY2t9vYsmgwydm8DhuVRJ495BKr73xNXY04rW5WdVvRoZx7nTXsFpOILazjENpiaWlzJNc3UjvhmC4PicUsofSs+qPE3imkZ9TSwb3sb6nxppq9xjnZ2O7coXKVNaXGG2Fo2H+GYml21vPics0GHu1nHbM8Cy2+qRrm88J1wquvTFHI2iWilG7EqSstDmdhz2JJriVLWyt3jjNqoimkuI7pHl2pi2clgueHd+EJHL90THGniVeNZKtKFiDMzbXvLPc3eNYVgV89tbXNri1tFi1pYz3mi6d8AvMUtXS4dYW+5aTeBqkc7by7u45E0aIemVKyGM223/AC53WG4vi8VpbxzzsLMAXd/fGBUj2YxfGIpYrBVkjtU3uGPBO1mn3zvI2bjip6QjZ0TazltubfBcOx1LaGS0kgsbzFVBuJZrWyu7dGlurOK3jdrsWDzJdTI+hpLSCfd8eVKkI2cy2u52+L2dtdO+GWRu8OF7a4jaCa41QXVphMeKHFoyOJtnp1O4SR0SVfCIGZ9e+hpcolzbW/OlxG/uhZ4RZ4bPJLfbS2UE1xd3Itv3k+57wzzPBDKxS7S7m4VHa8HZXkQmWiwlya8qvLlPaYkMNtUs3liw9MWliupJ1uL60E88NxaYPFEp3uIxJbvJpbWuqe3Vk8dvgJC3OS4vzz8RVN5Dh9hNFPY3OIW1yJ7kQqibO3ONraXCosjNeWrWfg1ysT8S3cDKkXjhS5QuJ2i53OLRMyLh2FCVZMSO5lvbrU8dphWD4xa2cWmLx+J3sOLPaJHHwtOkbKkqU3Kh1zX8ivLpdyfc+zjSFr/E5sUxO+mxi4uUdoI9orjCpcPs90Wj+6eFWyQo1pFpTTHGqp40y0xxQqY3sbzoryeGw1x2E0i4MuN4qxaaG4uLVnxHexYHaxmRJ7yz8AS1eKXXqnnRfFbmaoJQVyVTYXI3ytPiLbQ4sHimaG2wg2UPhMsdjDHLg3hxtI5Zslijku+Ge/aHik1tr0RVFURLC41Py74k8cTQ4Ykkl3HiVvawSrcwTpjuHHey4PfKHlg3N5ZLM1nf2ty8Ek8HFuklqJ049f3+/ElVR9DV4fy8XNzdWsEEVlur6NsUtZJ2vIJJsENyLUwRRP28ftWWbfW664pG3Cxpol3tQSpomjUdyKYVy8XlyMNuVXDEtMQkxBoFW4lMpS1wiW+itL+WTxdlcrdp4K8mji3cjaIkqGVKK/f7uTKqyecnu3i3sOcmUF2rTrLZPpjni3EixO+53su/t1eRFF7A720284XqlVjl2ZYpu+43tofH4f8Albn+xWoL8n4k6s/gM86WYfcO9zIGVjdFsyBpDRqEzz9JuFV8qqlWSliaUVur3HU4uNKdzzy5QR+9OAfm7/VXR4DTF1vAzcV7PT8S0HuZZ6Ma9uGfVfVNxL9Nl1KOH0ReAGsEuXD1UC3CLUC3BroC4ReluFwa6LhcPVQFws6AuFqpAuDVS2C4RalsNElqUeDOkuAM6LgETTQE66ACMtJcBmaSmMVDJam3HCc6LgDVSXABei4CddIARagBOdFwC1U0A/8ArroCwVAWAWoCwnVQLYLOkuKFRcAsqFq7A3zLNbL4dubeGPvWNc/blm39Ymu7w0MlNI56o7ybNoKtkYdACRSPYCtm2GvwmfX0NvXPT5s+H5OmuFxd+1dzfo2y6Giib66pJlh6FcfdAT+8cP6Rtv1e6rc4b6y5RxGsTz4wbG3tporiPTrhdZFDjNCR0ZPl5LK2mukxFKNWm4MoUarp1FNFo9n8GW1eXaKGK+ssQltGksMOtRv7i4mRN7e3V9a9nwAqvjYm0aY/G+LuJYYq4WVRzSwkmnFXvJ6JX2SfW/Nf/wCU2+pcct68VaT2RZHkv5RWa1t7+4t3sLTEkhlscLiEl5cvcOjT4piVtFCuq2wndtvWj0cK7yeTdvLuqpr8ifk6eZRvmlt8vHlo38PjFmTXabdDsKzo6hlKSRyICrKUkiljkHCR2llidfktVxaMN0CBQBpVUCjQAFRQFCdMWSheHdeR/F+TUsW0tWNaV9gobNACojiVTmSgiiVDqObZoF0tqbib0m4qlTYzKrj8SLmCQCRmFYgF1z7QRzxLq79Pap0VbTqNfxNftNshHePYPI+QsL5MQSPdxyJPJHDLbpFMsurTFpuXbUvFqSOrMJKJDKFyYRzjUXIUuyhWcqhd0Bz3cjldTxav4NuGnJsY4ofikToGiPIZ5Ddx5AEZNkunSupeE+kvDTszGZTYxOjAB0RwpVkDojhHTsPHrVtDp3MvEtSwmMcepuIbsdByTMaiDoTNSxzchtOpS7cRbym4qnUmROCNhDOp61TPNWzKIW1L0IdWnVqTVpDdpV7NTqWhE4mygdc89KE5aSxRCxXzFyupl4uzUykRtGr292Se9s/BobjwMiaymV1iEkbJaXUVy1rLb6otVtcLFuJFV08VJw1KpEbRK4rVTmzrG8jpu5JN2oLpmx3Zz1NuuJ8o2d1qS42w/GirnpVVz69KqOoKO5V8lUX8VI6LhYZuLeNmR2RGeIsY2KKzRlhk5jcrqRmXr09qkHWGVt41GSxxqM3OSxxquqQ5ynSB2nbt+l5VNcgUSE7TcnsVxiWH4kzlXw6O+WOERRFJnvVgjM0shXWstutum6aLiXxlNzC5TaXsMZ0kxxZozOhMcZKOwyeSNtOpHfvZeJvKqKUmSqJo72JM1O7j1Jq3ZEcYaPX2xEwXVEH8tV0avKqpKROkjUXbDp4VGYCkBUAKAZLGVC8SKvCI+yq8NQykTJI1ckmQyUBVAACqAqqo7ICjSqqvwaglImSNRiOTEEqpZSWRiqMyMRkzROV1RMy9potFQSkSRWppZrdBnkka6iWOmONQzt0NIcl4nbvk7TeVVaUmydWNccPiDiQRRCQRblZBHGrrDr3ng6OFVlh3nFuV4dXFTL9RyV9iL7YWzyT2KRPDHMWvPBjdCZbW4uVhUpZG4iVtE0q62Ve1pjkZUl3W6qnWrZU7fzW1t4Eq2+JX7lNxdto5MQw69iv8I8EuYbexjl0NZyYhGm+nhxC8h3iz3ksfBbRq+7jg8bHvZfFFsI+RZcRTefMnf4cuev8AR6W2er2/KU6UtEVp5aMeLXEdkLNrGHD0Ecdu7B3BZF1Sb0cLwt/Bsva7bcddZwql6Dr5szl+/sYvEKnpKllsolo/cz+rGvbhn1X1HE943+JXw7sXdLViXLgWqi4oRlosFgjL7KLBYSZKSwWBvKLBYPeGlsFgbw0WCwWs0WDQLUaS4aA10txQajTbgGHoAGugBLNQAWdNAQWptxwzI9NYqQ3qpoBFqAC1UlwsFRcLAJpBbBaqAsEXpBbALUlwsFqouANVFwCpABQACaAEk0ADX9dKnZi2vdFj9hMZM9pFIxzbSVY+dlJU/VXc4Op2lNM56tHLJokAq8RB0AEKAOI8tgQXCEZajEC+R6c82CE/FnXJcVtn0NfCXynNoZPrrBvZmjYrrz/2/eOH9I236vdVvcNl6ZQxPdPPSyxBoZEmTSGidZELqHTUhzXUh4WX4NdPVpqcXF7GdTm4yUluW+2PF00kWPxLd2mJtZCDD8NgJunxOSP74nFzZvp3WHFV9NJY+Cdn3u5irzyr2cL4VvNC+s9rf3tz3+Gl2+vu7du9J8ok+2SxCC0dtqoLC7kv7jDrl8J2csrqW4EEK6pMXvbxIfF2cL3Pbto0RYpfIku5d1bscJTtg3JZE/SqaeHzt1b58krlCo0r1Fv0OochuA4lBYNc32IWmI3F0futdYdYmF/uVa3xZ4ZcPSFi09odLtLCnDq3jQvK++8JmrYinGapxi1DbN1t/wB9SvRqOOkjpltMGAZWDIyqyup1I6MM1dGHaVu5qsRd9eXUvPa7HNVSDGHqp6Y0eS4p9xo8lzT0xjQ+l1SZgymZBe05MY4/A2UGIVPGZG4m1tb+rEZETRuLS9qwpkLRtre9qxFkTiZyXtOUhlgzf07MJbqNNf01yHZTHlv/AF0zMOsa+5xIVG5DlFmqucTqFzJVE0V9ifXVWdRE0YGju8T9dV5VETxjc1kuIVA5kmRmFNeVG5Eqia+aao92kth1kl1H7TDVaKeea4is7aFG3t5OY1ihdvFxHxzLGxWRk4ZX0t2Ko18UqbyxWaXQbKWVXbsVyvcOv8QtrvZjaCeVLnDcQgXDNp7EsllLiB1T4bbYg0LKsV8yvpCtxq0iJrjuNybmVyjSmsVh1fMvSpvdcm/jbfrbdOKkVqc3NZZcuZE9rrN8XhmwuSGbB7ayulgsoo5zLYYrilq+/wAU8JxqPVLcSySa912JdW8nZ5biKaKBuZYR9snnlLvad1PRacv2u67y0oLtY9m9Fy+P7/epWblx2ymu750mtzaeC5xJBIQ8yg9LNLcD8KH7SMvDp4q6rhFGFGjnhLNfd9PAxOI1pTqZZRslsWh9zRbhxr24Z9V9ScTXdvsQYe+t+ZdsyVhl8ItSXATqpLgAtRcBJai4Bg0XAPVS3APOi4AzpQBnQAM6ABnQAM6ABnQARNI2IIZqY2PQyzUgo1I1RsBstSC2AWoCwRam3FBnRcAqLgCi4AzpACLUADXQOsEXoCwWugLBaqAsDVRcUKi4ApG9AO78jmHslpqbqkkZ1HmXJU/pKlvjrseGRtSv1MPFO87E7FbBTDoASKR7AVd24xlpbqdm6DvGUDzKh0KPorXn+MqOdV3OkoRUYGhjmqgpFhq5Xbn8S54JD+kLb9Xuq3+FP82xn4tWVyjfJpaq+I2SuodTOmaMAynIMVzU9rSy6q3eISccNJrcq4JJ10mWG5JcNu8QxXH7uNrqbEsKh3eDrBNuljkMjhIih8S8UujTJHP4uRZJNXHXIYvLRoUqT0hO+Z2vt99Pgb9FyqVakt5RtlW3zOxS4Be2t1LidrZr+7S5tIbxsKw2fRa29jbSL4Y2KJJJpvTiUjaSqJvXn8HW3fXFNd3FWE4TgqTbWHT7zWsn/VKPS+u73SVaurNz/U+Q1icIhtr7FNk7a0xHaKCS1xbFr/Dybe2sIrk6mwOywssst5EbdJvCrSdEZWSSeTdXe5ht7lN3tTxPo0reiuvR35Po9dPR1jcyJ3vdHVtnttSJZIkEOIXMsa4lewYTNC1hhMVyq+CW9tLKwa6e+kDys3BqbeS6Ik3MVVI1FRV5JqF7Rdnr/X4XV9L89zVotyVuY5iHK8Izk+HX47sh4Kf/AH6kWNoe8/oywqU3y+5ipy3KerDr/wD/AGv+fSvHUPef0Y50J9PubGw5SZZTlHhV8T3ZvZL9c9L5dQ95/RkbhUW5LLW1xV1DLgt3l3Z3eHA/RM9L5dQ95/RkDnbcRNNia9eCXfryusO/z6b5fh/ef0Y+Kctl9zFfam+TrwW9+K4w7/Ppyx+H95/Rkvk9R7L7mM/Klcp2sFv/AIp8O/z6kjj6HvP6Mb5LV6L6jTc4J07WC4j0eafDv8+po8Roe8/oxrwdXovqZuHc5Rn7GCYk3+/w0fXPT/OmHW8n9GM8grPkvqiQw8vFz1jZ/Ecj/wD3eFD/AN+jz1hFvJ/Rh5trdF9UPJy+Xfds9iOf57hI/wDdp/nzC+8/oxkuG11yX1Rs7HlUxSXpj2avz38WJYQv1y09cZwr/U/oypVw86feBcco+Ljr2Yvv/wBUwf8AzaHxfDe8/oyONKT2NXecrGKjr2Yvv/1TCP8AMpj4vhvef0Zajhqr2NLJyx4oxIGzF8cujpxTCR/ipj4rhvff0ZMsJVXJfUJdvsZfq2XvPjxbCB/ipj4nhvff0Y2VGov0/cafE8ffq2Xuenz4zhAqPy7Dv9b/APFkTqZdMv3InjnKBi0BIl2au16e7FcKb6qj8tw7/W//ABZaiqktVH7kWueXW8HXs9eZ/pLDaTyvDe+//Fkqp1fd+5jry7XjHSNnrvPuBxLDh/hpPKsN77/8WK4VPd+5t05S7pI3uL/CLnDrCPR4TfG9sbo2ySHd+Em1iXU8UDMjP29K8WiWmSr06noUW5Se2jQmaUdZKy+ZHtpru8urq8gxu0ssW2TwfDwt9cWM5iiM1ymZxfwcNpuMUtbZt69lFM/gSyb23eSWWCIuoRioqdJ5azvpvt/S65872aSV3j1XKUvS2Izi2AW9zaPhF5Or7H2aW9hh2N4ZItvaNiM0iyWt1jCBl8PmgbcwSXMDvY+Fvrm8bL97I6kqUu1hH853zRtsvlyTV29mkt7b2aSv6EtupouXvYTEZMLxb7p2YsocFgtnwI4bO8dgWh0728W3DbxZnZtX3z+BWTTHx76W4jwNenGvThSu3K/aJr7X6b7b7vklrVITdKUpaZbZSt3K7ij3Njg11OQ9zNA+9myCu+ns68vxdX41dNwyHZ4irThpFW0MzHvPRpylu7ljvc1T0Yz7cM+q+qXif6X9ijhb6l2s6wi8JLU24CS9Fx1hBei4WEl6QUMSUAKD0twDD0XAUGpw2weqgLBa6bcLA3lFwsAPRcLA10XCwlpKLi2GmemtjhtmprYg2zUxjhOdNALVQAWugdYGugLA10BYIvQFgtVAoVAApLgCi4AouAKLgCmgCgAUqEe52rkWx4PA0B7UJJGfejnVn8TZiut4XWUoZehkYuFpXOkCt0zw6ACFAFbOWvCNzesw7M6iQdPlHgf+suuuB4rT7Orm6nQ4OeaGUgqyVj5i+cJ57GEPPgTsgLeD3NvOwHXo44WOn4O/1N8GtvhVVRrWbKGLg3DUobsDiscF9azStpijlDOxBOlQjDPSOJq6rH0pVaEoQ3M7B1FCspy2R2Syw7ZqWea4k2ixGye4kaSQWscqLmxz06lRWcL3aq5tSx0IKHYqSXNtG0/JpSc1UNttLyr4Jg1rGNnZ7jEsbluY7l8fu974RZrCdCW67xU36Tx64Htn1wNFI7Sbxtxk+hgsRi5N4lKFNbQVvrfl1+y02pV6lKCXZayJTtfzycLVIcawjDBZbX3MsJxGdGmjsUSAr4QJYw2m/tsVXhMOjeq+iWR97aQ5vo8IrNuhVnej+n99U/7XsyjKpHe2pq9rsX2LxaX7rriF/s5f3ced/h9msgQXJOc8glii0sk7Lr1RPpk7TJE9RKOOoXpdmpxXdbtt48izF0pK7dmQXEsF2eB4NpMVkGfWxuP746M2M/gL7E67D+J/UxEwjAe/aHEx7DN+zRmxn8BfYV9h/E/qbnC8D2ZJG82pxePzlTcdHzR0ufGfwF9iNqjyqE8s9m9idA1bd7QqT1qGu8h/9BqXPjP9vH7FV5L7jF1s5sX5O3O0De03f+RSdpjf9vH7E0HT5yNXcbPbId22eOn2m6/yqO0xv+3j9i0lR/iGqusB2W8nazGm9vhP+XRnxv8AAX2Hf5f+K/uaq6wfZ3ydpcWb2m4/Ypc2M/gL7C/5f+KFYYRs6e3tLiqew3H90dNlLG8sOvsPSw38V/c30eBbKZDPa7Gx5xnc/wCXUWfHf7aP2Hryb+K/uOR4Dsn37YY2B6jdf5VHaY//AG0fsJ/lv4r+5vsJ2d2L6d5tztBH5grXYz+aBqljPG/7aP2M2v2V/RncyJtm9ie7bvaE+1rv/IpXUxv+3j9iOOTmzW3mz+x3k7bY+3ta6/yqTtMb/t4/YtR7HnUNdDs/sl37Y44PWPCv8ujPjf8Abx/+pK1h/wCI/ubO22c2N8rbfHh7Dd/5VLnxv+3j/wDUgk6XKf8AU2cWzexHft5tCPY17/kNSqpjP9vH7FRuHvETx/ANkwTudr8bm8xk8J6fnjWm58Y//jx+xZgqXOZFbjB9n+7aLFD6yZv2KM2M/gL7Ey7D+J/URDhGAZ9O0OJgd5BmzH9SkzYz+AvsD7D+ISaw2S2PlAS72qxcxFkLxstw6MFOeRUxPp9TaNS9pacqmOS9Ggk+un7/AHqQvsH+tk2fnX4Bd3kWD3mGPFsXbwSWltbQtNG6zk5pjF3a27LNcszK6RxO7ywtJ4U29lpy4XiIU3XjL85/v+93z223qOpG9v0mlxDne4fiOJLb4lhMY2WS3kw+xw9Bk2GxMN2uKeDxaY3uynCVi4rSP8Dx77wh74TWp0e0py/O3b6/D4c9ebeuytNSxEc+WfdNHjuzmyhRkj2sxeaPpUROLhoyg7EZR4lV0Crp4kqvCpj09cOr/C2v9jSy4Vr1jt4nOOVbGLFrfD7WxuDcJZrJHrZCjlCOB2Uqq6mb0a1eGUayqzq1Y2zWKmOq0nThTpvYs57mzaMI8YkKnQz4eisRws6C6LoG9JFlTP8AKUcUkm18CDDXu7cy6RNYZbEk01jhtmpBRBamsBDPSXFsGHouFhYNPEFA0ALBpQDJoAQXpAEk0ADOgAFqa2OCLUgWEMaS4WEFqbcBtzTR1xOdJcUKi4AouAKLgCi4AouAKaAKABQARNABZ0ADOgAaqAD1UAJpUhGjpXIdZMZ5ZB2Fj0E+dmZWA9vD01vcKg81zPxjVrHaxXWGQHQAQoArdzgsYD3qxjLxMSqT8JyXYfEpQ1wnGamarl6HQYGFoZjmiT1zqZptAxDDEnikhlQPFMjRyIwzV0caHQ/BZWqelNwlmiRSipKzKAct3NRvsOleS0iku7EklHjUvNCpP4O4iXi4P45U0t2m3Vd1g+IQqRyyephVsNJPTY4XLbMpIKsCDkQwIIPrU1r54vd6FPK72aC0HzH5qcprqvmIou9waD5j81JnjtdMc435A0HzH5qM0U7X+4mV3BoPmPzUuePVCZWDQfMfmozLqhcrBoPmPzU3MuqFs+gNB8x+anZ11QmV9AaD5j81GePVBlfQGg+Y/NRnj1QZX0BoPmPzUZ49UGV9AaD5j81GePVBlfQGg+Y/NSZo9QyvoDQfMfmpcy+H1Fs+gNB8x+akzLqvqJlYNB8x+alzx6hlYNB8x+akzx6oSz6A0HzH5qM8eqFyvoDQfMfmozx6hlfQGg+Y/NRnj1QWYNB8x+ajMuqCzBoPmPzUZl1QuX4A0HzH5qXPHqgysGg+Y/NRmj1QZWDQfMfmpudLZqwW5A0HzH5qdmSa11Bxe3IGg+Y/NSZo8/6iWCCHzdPsozR6gk9mtDpnJZzdsUxaVVgtnjhJGu7nV44I1PaIZ18a383FraqlbGQpLV3JoU3LkemHJLya22D2MVjbZlY82kkYZPNM/wCFmky8pu5fJWONa5WtXdWWa+hqwpqKtbUme9FQXHCGmFJcUZaemXHWEmWkuFhsyU246wYkouFhazU+4lhYmpbjbC1mpbiWDM3rouFhBmptxbCDNRcLA31JcWwYlpLi2C1+ykuFhBkpAsFvKQWwktSXFC1Dz0gA1eygAFqACMlABbygWwW89lAWDMlAWBvKAsAvQFgtVAWCz/6zoCwM6AsHn/1nQIFn66ACzpWKd45FWU2Z05ahK+v25Lln8nKuw4Xbs7mFjL5zoAraKYdABUjArPyq7A3fhFxOIXdGkdgyjVw58OYHwa4PiGCqynKSWh0GFrwyKJyu1Ds+gIxbMDSAS30a5+FOd0rGnKcd0zp+Dckl9Iobclc8u2QvxlT3VuUuHVpcihLFU1sycYRyA9Gc02R80Yz+dmrXpcHe8pWKU8d0RqtpOQa4Xpt3WUei3A4H2TUFfhdVdyTHwxkH3kR+15JcQ74f6y1Thw/E87/UsPE0eRrsZ2ZntzlNGyZ9RI4T7GFQVKNWHeuiSNSE9jHw3BZp20QxtI3X0dQHnLeTTKdOrU7t2LKUI7knteR2/PXGi+2QVoQ4diH1+pXliaaF33JBfRrq3avl3RsC30eHOllgMQv/ANEjiab3M3Z7kauJlZpTuO5VYEsT58h2VqWjw6rNek2R1MXCL0RrzyL32srpTIHtawAR58qhfDcRm0bsS+VU7XM+95DLpUzVo3bvQEg/Ex66mlw2sl/7GLF0+hHJ+TG/X/yzt7NJ/wAVUvIsQuT+pMsRSZkYZyT30rZGExjo4pDkBUlPA15aaiSxNJEpxDkDkWHVHKJJhlwEaVPTxZMeLV5tVX58LqKPoy1K0cbFvVaEUueSy/T+AZvxSrVnSwOIWyf1LSxFJ80Kw3ktv5DluCnR1yHSP6adDA4l8n9QeIpLmDEuS6/j/gS488ZD0TwWIjyf1EVelLmKw3kuv5ekQlAP4xgufszohgsRLk/qEsRSjzHJeSa/H8CD7HUileBxC5P6ieUUjKtORm+bLNUT1s4z+Yaqlhw+u9/6jXiqaMm75DrxctLRP5xqK/XT5cOrrZ3GrF0zJwzkJuW6ZZY4/Uubn5xpFSU+GVZd52I5YyC2QLzkHuR2JY39oZT8eeqklwyqtpCrGQe6Cg5CLo9qWJfpH6qI8MqveQrxkFshb8glz/HxfM9K+F1feG+WQ6G2wnkDHXPOW+DGMh8ZbOrNPhb/AFSIpY1ckLxLkDX+BnZfVIoYfONNLPhT/TJhHGLmgYTyDKFbfTMWPZ3YyAHyus06nwt/qkLLGLkiH47yXXsMhRIzMh6VdB0ZfD9Fqy6uBrwlaLbLUMRSkrsz8N5Fbxxm7RxdHUTqPx6eqpocOrPd2GyxdPaw3PyRXytkFRx3MGGXxq3VUU+H10wWKpm1h5DrgjpmiU+bJj9VTR4VNrcieMj0Nfi/JHeRdKaZh8A5N9A1FU4dWhsrj44mD3MSHkpvnTWI1U5nJHYK+Q78uqo1w+vJXsO8ppo0tvycYi0oi8HZQSc5G6IwB0566gWCruWXKT+U07Egm5GL4dQjb1hwP6GqzLhlZbIgWLpkc2j2LubUKZkyVzpUqQwLdeXR31Tq4WrT3RZp1YT2CwrYy7nBMcLkDvI0j2dOnVSwwtWeyCVaEdzIteT+/boFvIOsZsNIB+OnrCVnyG9vT6hSbB3wOnwaUnuIGYOXwqTyOt0Dt6fU2aclGIadW6X2F01fNVhcOrPdEbxVNbEjh5CpSilrhVkIzK6SVBy6gQ3Tl6VW/NUmtWQeWx6EUvuTK/QkbkuATkUIOeR6wPhVRlga0XsWFiKb5iMK5OL2Zym5aPIElpBpUer4RpsMFWm+6OniKaW5t8N5E7x89ZjiAOWZOon15L3VZp8LqvvaEMsZBbAxTkSvI/wbJMPUdBHxGipwuqu7qEcZB7jM/I5fKoIVGPequMx8/aqJ8NrJDli6bMq55ELsRhw6NJ0Ex5kZex+yWqZ8LqKF+YxYyDZhDkdv9OrQmfo6xn8/VUS4ZWy7D/K6dx8cid7uw2cesnpj1ZEDzl+zn6qcuFVcu2onlkLjOGcjl67ZOqRKOtmbP5lHXTIcMrN+kLLFwWxtcR5B51GcUyOfRYFPmbiqzU4TNL0WRxxsXuaW25IL9myMaqPSZxl8WmqseG1nuiWWLp8mSGLkEly4rhA3mCHL2E1bXB5NasgeNXJGov8AkUvUPBu5R5w2k/M1QT4XVWyJY4yD3MeLkdvz5EY9sg/uqNcNrvkPeLpo2FtyGXZ7TxL9I/VU8eFVHuMeNgZZ5BJ/5RF9F/8AjUr4RLqR+XLoae/5Gr5M9KpIPOrDM/Jaqk+GVlsiZYuD3MK25Lb9jluNPrZlUfPUa4fXfIc8TT6m7j5DLsrmZIg3m4j/AFhVqPCqliLyyBGsW5Pr2E5PAzD0o+NfnFUqmCq02WIYinIPDeTy9ly0wOB6T8A+c0U8DWn+kR14R5m2PIvf+aL/ANQfs1YfC63Qi8spj1vyI3p7RiX5ef1LTo8Lqt6iPGQ5HSuTXYmWyWVZJFcSFWAUEaWAYMST0nVwfNW9gMLKgmmZ2Iqqo9Cb1rFMFAAoAKmWvyAxUwuMNrEaBz5QVdX0ss6YqME7pDs8npcyal2GgNABigAUWEGLuzSRSrqGU9YIzFMnTjPvIdGTjsM4bg0UIIijVAek5DLP20ynRjT7qsOlNy3M01ORhZ0goZpRAUgoMqLACgAhQ/gJvuHnQKCiwgKEADQKAUACgAqUA6QQBoFBQAKUQANIKClAKkAOgAGkAFAApQBlQICgUFJYQFFuYApQGprZWy1AHIgjMZ5HuNNlFSFUmthzKlSSAOltYQBotcAqLCh0CAoAKktYUPOlEBQAVKKHSCAoFBQIDKgUFAAoEBQKAGjQQBoAFAAoFBSgCkEBSgCmtJihZUWSAOnCAzoAFI0AdKKCgAUACgAUACgAUACgAUACgAUACgAUACgAUACgAUACgAUACgAUACgAUACgAUACgAUACgAUACgAUACgAUACgAUACgAUACgAUACgAUACgAUACgAUACgAUACgAUACgAUACgAUACgAUACgAUACgAUACgAUACgAUACgAUACgAUACgAUACgAUACgAUACgAUACgAUACgAUACgAUACgAUACgAUACgAUACgAUACgAUACgAUACgAUACgAUACgAUACgAUACgAUACgAUACgAUACgAUACgAUACgAUACgAUACgAUACgAUACgAUACgAUACgAUACgAUACgAUACgAUACgAUACgAUACgAUACgAUACgAUACgAUAf/2Q==","Pending",
"cartod","a","https://cf.geekdo-static.com/images/essenpreview2019.png","76",,"https://cf.geekdo-static.com/images/essenpreview2019.png","Pending",
